RetireYear,pca,tech,coolingwatertech,ctt,wst,cap
1978,p25,CoalOldUns,CoalOldUns_r_ww,r,ww,459.0
1978,p36,CoalOldUns,CoalOldUns_r_ww,r,ww,447.0
1979,p81,CoalOldUns,CoalOldUns_r_ww,r,ww,170.0
1980,p33,CoalOldUns,CoalOldUns_r_ww,r,ww,427.0
1980,p82,CoalOldUns,CoalOldUns_r_ww,r,ww,188.0
1983,p25,CoalOldUns,CoalOldUns_r_ww,r,ww,460.0
1984,p24,CoalOldUns,CoalOldUns_r_ww,r,ww,570.0
1985,p31,CoalOldUns,CoalOldUns_r_ww,r,ww,1540.0
1986,p21,CoalOldUns,CoalOldUns_r_ww,r,ww,527.0
1986,p23,CoalOldUns,CoalOldUns_r_ww,r,ww,332.0
1986,p51,CoalOldUns,CoalOldUns_r_ww,r,ww,492.0
1988,p21,CoalOldUns,CoalOldUns_r_ww,r,ww,523.0
1989,p99,CoalOldUns,CoalOldUns_r_ww,r,ww,14.7
1990,p21,CoalOldUns,CoalOldUns_r_ww,r,ww,531.0
1992,p116,CoalOldUns,CoalOldUns_r_ww,r,ww,50.0
1994,p112,CoalOldUns,CoalOldUns_r_ww,r,ww,2709.0
1994,p116,CoalOldUns,CoalOldUns_r_ww,r,ww,2474.0
1994,p122,CoalOldUns,CoalOldUns_r_ww,r,ww,936.0
1995,p107,CoalOldUns,CoalOldUns_r_ww,r,ww,982.0
1995,p122,CoalOldUns,CoalOldUns_r_ww,r,ww,850.0
1995,p127,CoalOldUns,CoalOldUns_r_ww,r,ww,294.0
1995,p92,CoalOldUns,CoalOldUns_r_ww,r,ww,2470.0
1996,p107,CoalOldUns,CoalOldUns_r_ww,r,ww,644.0
1996,p23,coal-new,CoalOldUns_r_ww,r,ww,80.0
1998,p31,CoalOldUns,CoalOldUns_r_ww,r,ww,847.0
1998,p33,CoalOldUns,CoalOldUns_r_ww,r,ww,179.0
1999,p33,CoalOldUns,CoalOldUns_r_ww,r,ww,262.0
2001,p122,CoalOldUns,CoalOldUns_r_ww,r,ww,657.0
2001,p54,coal-new,CoalOldUns_r_ww,r,ww,564.0
2001,p82,CoalOldUns,CoalOldUns_r_ww,r,ww,138.0
2002,p116,CoalOldUns,CoalOldUns_r_ww,r,ww,1109.0
2003,p81,CoalOldUns,CoalOldUns_r_ww,r,ww,120.0
2004,p40,gas-CT,gas-CT,n,ww,0.30000000000000004
2006,p107,CoalOldUns,CoalOldUns_r_ww,r,ww,630.0
2006,p25,CoalOldUns,CoalOldUns_r_ww,r,ww,450.0
2006,p31,hydro,hydro,n,ww,0.2
2006,p97,CoalOldUns,CoalOldUns_r_ww,r,ww,660.0
2007,p101,CoalOldUns,CoalOldUns_r_ww,r,ww,395.0
2007,p107,CoalOldUns,CoalOldUns_r_ww,r,ww,1260.0
2007,p109,CoalOldUns,CoalOldUns_r_ww,r,ww,485.0
2007,p112,CoalOldUns,CoalOldUns_r_ww,r,ww,585.0
2007,p114,CoalOldUns,CoalOldUns_r_ww,r,ww,1020.0
2007,p116,CoalOldUns,CoalOldUns_r_ww,r,ww,1560.0
2007,p117,CoalOldUns,CoalOldUns_r_ww,r,ww,1299.0
2007,p43,CoalOldUns,CoalOldUns_r_ww,r,ww,511.0
2007,p70,CoalOldUns,CoalOldUns_r_ww,r,ww,746.0
2007,p75,coal-new,CoalOldUns_r_ww,r,ww,58.0
2007,p96,CoalOldUns,CoalOldUns_r_ww,r,ww,560.0
2007,p97,CoalOldUns,CoalOldUns_r_ww,r,ww,1398.0
2007,p98,CoalOldUns,CoalOldUns_r_ww,r,ww,1366.0
2008,p105,CoalOldUns,CoalOldUns_r_ww,r,ww,995.0
2008,p107,CoalOldUns,CoalOldUns_r_ww,r,ww,744.0
2008,p109,CoalOldUns,CoalOldUns_r_ww,r,ww,1275.0
2008,p112,CoalOldUns,CoalOldUns_r_ww,r,ww,585.0
2008,p116,CoalOldUns,CoalOldUns_r_ww,r,ww,546.0
2008,p122,CoalOldUns,CoalOldUns_r_ww,r,ww,1504.0
2008,p28,CoalOldUns,CoalOldUns_r_ww,r,ww,380.0
2008,p34,CoalOldUns,CoalOldUns_r_ww,r,ww,335.0
2008,p53,CoalOldUns,CoalOldUns_r_ww,r,ww,1456.0
2008,p70,coal-new,CoalOldUns_r_ww,r,ww,32.0
2008,p92,CoalOldUns,CoalOldUns_r_ww,r,ww,870.0
2008,p94,CoalOldUns,CoalOldUns_r_ww,r,ww,2656.0
2008,p97,CoalOldUns,CoalOldUns_r_ww,r,ww,2220.0
2008,p98,CoalOldUns,CoalOldUns_r_ww,r,ww,1073.0
2008,p99,CoalOldUns,CoalOldUns_r_ww,r,ww,670.0
2009,p101,CoalOldUns,CoalOldUns_r_ww,r,ww,710.0
2009,p103,CoalOldUns,CoalOldUns_r_ww,r,ww,1535.0
2009,p109,CoalOldUns,CoalOldUns_r_ww,r,ww,969.0
2009,p115,CoalOldUns,CoalOldUns_r_ww,r,ww,1700.0
2009,p116,CoalOldUns,CoalOldUns_r_ww,r,ww,552.0
2009,p117,CoalOldUns,CoalOldUns_r_ww,r,ww,1300.0
2009,p122,CoalOldUns,CoalOldUns_r_ww,r,ww,306.0
2009,p123,CoalOldUns,CoalOldUns_r_ww,r,ww,3026.0
2009,p28,CoalOldUns,CoalOldUns_r_ww,r,ww,271.0
2009,p43,CoalOldUns,CoalOldUns_r_ww,r,ww,364.0
2009,p45,CoalOldUns,CoalOldUns_r_ww,r,ww,708.0
2009,p53,CoalOldUns,CoalOldUns_r_ww,r,ww,733.0
2009,p54,CoalOldUns,CoalOldUns_r_ww,r,ww,700.0
2009,p89,CoalOldUns,CoalOldUns_r_ww,r,ww,687.0
2009,p91,CoalOldUns,CoalOldUns_r_ww,r,ww,924.0
2009,p94,CoalOldUns,CoalOldUns_r_ww,r,ww,1596.0
2009,p97,CoalOldUns,CoalOldUns_r_ww,r,ww,1098.0
2009,p98,CoalOldUns,CoalOldUns_r_ww,r,ww,728.0
2010,p101,CoalOldUns,CoalOldUns_r_ww,r,ww,944.0
2010,p109,CoalOldUns,CoalOldUns_r_ww,r,ww,409.0
2010,p112,CoalOldUns,CoalOldUns_r_ww,r,ww,1490.0
2010,p115,CoalOldUns,CoalOldUns_r_ww,r,ww,565.0
2010,p117,CoalOldUns,CoalOldUns_r_ww,r,ww,800.0
2010,p123,CoalOldUns,CoalOldUns_r_ww,r,ww,638.0
2010,p24,CoalOldUns,CoalOldUns_r_ww,r,ww,220.0
2010,p72,CoalOldUns,CoalOldUns_r_ww,r,ww,974.0
2010,p77,CoalOldUns,CoalOldUns_r_ww,r,ww,308.0
2010,p81,CoalOldUns,CoalOldUns_r_ww,r,ww,621.0
2010,p89,CoalOldUns,CoalOldUns_r_ww,r,ww,2226.0
2010,p90,CoalOldUns,CoalOldUns_r_ww,r,ww,756.0
2010,p92,CoalOldUns,CoalOldUns_r_ww,r,ww,1398.0
2010,p94,CoalOldUns,CoalOldUns_r_ww,r,ww,724.0
2010,p96,CoalOldUns,CoalOldUns_r_ww,r,ww,1289.0
2010,p97,CoalOldUns,CoalOldUns_r_ww,r,ww,544.0
2011,p112,CoalOldUns,CoalOldUns_r_ww,r,ww,576.0
2011,p117,CoalOldUns,CoalOldUns_r_ww,r,ww,800.0
2011,p130,CoalOldUns,CoalOldUns_r_ww,r,ww,438.0
2011,p21,CoalOldUns,CoalOldUns_r_ww,r,ww,201.0
2011,p29,CoalOldUns,CoalOldUns_r_ww,r,ww,382.0
2011,p36,CoalOldUns,CoalOldUns_r_ww,r,ww,237.0
2011,p55,CoalOldUns,CoalOldUns_r_ww,r,ww,275.0
2011,p64,CoalOldUns,CoalOldUns_r_ww,r,ww,1180.0
2011,p81,CoalOldUns,CoalOldUns_r_ww,r,ww,576.0
2011,p89,CoalOldUns,CoalOldUns_r_ww,r,ww,688.0
2011,p94,CoalOldUns,CoalOldUns_r_ww,r,ww,860.0
2011,p99,CoalOldUns,CoalOldUns_r_ww,r,ww,336.0
2012,p112,CoalOldUns,CoalOldUns_r_ww,r,ww,1006.0
2012,p125,CoalOldUns,CoalOldUns_r_ww,r,ww,410.0
2012,p21,CoalOldUns,CoalOldUns_r_ww,r,ww,156.0
2012,p24,CoalOldUns,CoalOldUns_r_ww,r,ww,330.0
2012,p29,CoalOldUns,CoalOldUns_r_ww,r,ww,380.0
2012,p53,CoalOldUns,CoalOldUns_r_ww,r,ww,484.0
2012,p72,gas-CT,gas-CT,n,ww,7.8
2012,p79,CoalOldUns,CoalOldUns_r_ww,r,ww,1098.0
2012,p81,CoalOldUns,CoalOldUns_r_ww,r,ww,581.0
2012,p93,CoalOldUns,CoalOldUns_r_ww,r,ww,341.0
2012,p94,CoalOldUns,CoalOldUns_r_ww,r,ww,860.0
2013,p103,CoalOldUns,CoalOldUns_r_ww,r,ww,758.0
2013,p105,CoalOldUns,CoalOldUns_r_ww,r,ww,431.0
2013,p107,CoalOldUns,CoalOldUns_r_ww,r,ww,1176.0
2013,p129,gas-CT,gas-CT,n,ww,5.9
2013,p36,CoalOldUns,CoalOldUns_r_ww,r,ww,667.0
2013,p45,CoalOldUns,CoalOldUns_r_ww,r,ww,645.0
2013,p94,CoalOldUns,CoalOldUns_r_ww,r,ww,860.0
2014,p103,CoalOldUns,CoalOldUns_r_ww,r,ww,773.0
2014,p105,CoalOldUns,CoalOldUns_r_ww,r,ww,472.0
2014,p109,CoalOldUns,CoalOldUns_r_ww,r,ww,477.0
2014,p33,CoalOldUns,CoalOldUns_r_ww,r,ww,505.0
2014,p40,CoalOldUns,CoalOldUns_r_ww,r,ww,100.0
2014,p45,CoalOldUns,CoalOldUns_r_ww,r,ww,515.0
2014,p70,CoalOldUns,CoalOldUns_r_ww,r,ww,725.0
2014,p76,CoalOldUns,CoalOldUns_r_ww,r,ww,1145.0
2014,p94,CoalOldUns,CoalOldUns_r_ww,r,ww,860.0
2015,p109,CoalOldUns,CoalOldUns_r_ww,r,ww,597.0
2015,p38,CoalOldUns,CoalOldUns_r_ww,r,ww,474.0
2015,p41,CoalOldUns,CoalOldUns_r_ww,r,ww,82.0
2015,p43,CoalOldUns,CoalOldUns_r_ww,r,ww,584.0
2015,p53,CoalOldUns,CoalOldUns_r_ww,r,ww,1398.0
2015,p67,gas-CT,gas-CT,n,ww,65.0
2015,p69,CoalOldUns,CoalOldUns_r_ww,r,ww,248.0
2015,p85,gas-CT,gas-CT,n,ww,3.2
2015,p87,CoalOldUns,CoalOldUns_r_ww,r,ww,1004.0
2016,p103,CoalOldUns,CoalOldUns_r_ww,r,ww,838.0
2016,p105,CoalOldUns,CoalOldUns_r_ww,r,ww,469.0
2016,p109,CoalOldUns,CoalOldUns_r_ww,r,ww,391.0
2016,p122,CoalOldUns,CoalOldUns_r_ww,r,ww,1236.0
2016,p53,CoalOldUns,CoalOldUns_r_ww,r,ww,240.0
2016,p56,CoalOldUns,CoalOldUns_r_ww,r,ww,528.0
2016,p72,biopower,biopower_r_fg,r,fg,19.0
2016,p79,CoalOldUns,CoalOldUns_r_ww,r,ww,416.0
2016,p9,gas-CT,gas-CT,n,ww,36.0
2016,p92,CoalOldUns,CoalOldUns_r_ww,r,ww,976.0
2016,p98,gas-CT,gas-CT,n,ww,0.6
2017,p128,gas-CT,gas-CT,n,ww,2.7
2017,p33,hydro,hydro,n,ww,1.9
2017,p34,CoalOldUns,CoalOldUns_r_ww,r,ww,416.0
2017,p45,lfill-gas,lfill-gas_r_ww,r,ww,0.8
2017,p63,lfill-gas,lfill-gas_r_ww,r,ww,1.6
2017,p67,o-g-s,o-g-s_r_ww,r,ww,406.0
2017,p85,lfill-gas,lfill-gas_r_ww,r,ww,0.8
2017,p86,gas-CC,gas-CC_r_ww,r,ww,47.6
2017,p9,gas-CT,gas-CT,n,ww,30.0
2017,p93,CoalOldUns,CoalOldUns_r_ww,r,ww,268.0
2018,p103,hydro,hydro,n,ww,4.8
2018,p128,gas-CT,gas-CT,n,ww,2.0
2018,p131,gas-CT,gas-CT,n,ww,5.6
2018,p132,lfill-gas,lfill-gas_r_ww,r,ww,1.8
2018,p40,gas-CT,gas-CT,n,ww,0.5
2018,p43,lfill-gas,lfill-gas_r_ww,r,ww,7.6
2018,p45,gas-CT,gas-CT,n,ww,1.1
2018,p80,gas-CT,gas-CT,n,ww,2.2
2018,p9,lfill-gas,lfill-gas_r_ww,r,ww,2.6
2019,p10,gas-CT,gas-CT,n,ww,44.5
2019,p10,hydro,hydro,n,ww,1.0
2019,p101,hydro,hydro,n,ww,11.0
2019,p101,lfill-gas,lfill-gas_r_ww,r,ww,1.6
2019,p103,gas-CC,gas-CC_r_ww,r,ww,19.3
2019,p103,gas-CT,gas-CT,n,ww,38.0
2019,p103,lfill-gas,lfill-gas_r_ww,r,ww,63.599999999999994
2019,p107,gas-CT,gas-CT,n,ww,65.0
2019,p109,gas-CT,gas-CT,n,ww,14.0
2019,p11,lfill-gas,lfill-gas_r_ww,r,ww,6.2
2019,p112,gas-CT,gas-CT,n,ww,3.0
2019,p112,lfill-gas,lfill-gas_r_ww,r,ww,4.800000000000001
2019,p114,gas-CT,gas-CT,n,ww,30.6
2019,p122,CoalOldScr,CoalOldScr_r_ww,r,ww,88.0
2019,p127,biopower,biopower_r_fg,r,fg,19.0
2019,p127,coal-new,coal-new_r_ww,r,ww,294.0
2019,p127,gas-CT,gas-CT,n,ww,6.3
2019,p127,lfill-gas,lfill-gas_r_ww,r,ww,1.6
2019,p132,hydro,hydro,n,ww,2.8
2019,p134,biopower,biopower_r_fg,r,fg,69.0
2019,p134,gas-CT,gas-CT,n,ww,2.0
2019,p25,CoalOldUns,CoalOldUns_r_ww,r,ww,75.0
2019,p28,lfill-gas,lfill-gas_r_ww,r,ww,2.8
2019,p38,gas-CT,gas-CT,n,ww,3.8
2019,p40,hydro,hydro,n,ww,1.2000000000000002
2019,p43,gas-CC,gas-CC_r_ww,r,ww,13.0
2019,p43,gas-CT,gas-CT,n,ww,2.0
2019,p50,CoalOldUns,CoalOldUns_r_ww,r,ww,1040.0
2019,p50,gas-CT,gas-CT,n,ww,55.0
2019,p52,gas-CT,gas-CT,n,ww,4.1
2019,p53,o-g-s,o-g-s_r_ww,r,ww,16.0
2019,p58,gas-CT,gas-CT,n,ww,2.8
2019,p64,CoalOldScr,CoalOldScr_r_ww,r,ww,470.0
2019,p65,gas-CT,gas-CT,n,ww,3.0
2019,p66,lfill-gas,lfill-gas_r_ww,r,ww,1.7
2019,p69,gas-CT,gas-CT,n,ww,0.5
2019,p70,gas-CT,gas-CT,n,ww,1.7
2019,p72,biopower,biopower_r_fg,r,fg,19.0
2019,p78,lfill-gas,lfill-gas_r_ww,r,ww,4.0
2019,p81,gas-CT,gas-CT,n,ww,2.7
2019,p84,gas-CT,gas-CT,n,ww,11.900000000000002
2019,p94,lfill-gas,lfill-gas_r_ww,r,ww,1.6
2020,p101,CoalOldUns,CoalOldUns_r_ww,r,ww,385.0
2020,p101,biopower,biopower_r_fg,r,fg,13.7
2020,p101,o-g-s,o-g-s_r_ww,r,ww,106.0
2020,p103,biopower,biopower_r_fg,r,fg,38.0
2020,p103,hydro,hydro,n,ww,6.0
2020,p105,gas-CT,gas-CT,n,ww,31.0
2020,p11,gas-CT,gas-CT,n,ww,1.6
2020,p116,CoalOldScr,CoalOldScr_r_ww,r,ww,50.0
2020,p122,CoalOldScr,CoalOldScr_r_ww,r,ww,42.0
2020,p122,lfill-gas,lfill-gas_r_ww,r,ww,4.9
2020,p123,coal-new,coal-new_r_ww,r,ww,519.0
2020,p123,gas-CT,gas-CT,n,ww,1.8
2020,p126,lfill-gas,lfill-gas_r_ww,r,ww,8.8
2020,p127,CoalOldScr,CoalOldScr_r_ww,r,ww,686.0
2020,p127,gas-CT,gas-CT,n,ww,23.9
2020,p128,gas-CT,gas-CT,n,ww,49.7
2020,p134,hydro,hydro,n,ww,3.4
2020,p134,lfill-gas,lfill-gas_r_ww,r,ww,0.9
2020,p28,coal-new,coal-new_r_ww,r,ww,380.0
2020,p31,CoalOldScr,CoalOldScr_r_ww,r,ww,253.0
2020,p31,gas-CT,gas-CT,n,ww,17.0
2020,p34,gas-CT,gas-CT,n,ww,14.4
2020,p43,gas-CT,gas-CT,n,ww,1.1
2020,p43,o-g-s,o-g-s_r_ww,r,ww,23.3
2020,p45,gas-CT,gas-CT,n,ww,3.9
2020,p50,gas-CT,gas-CT,n,ww,64.0
2020,p51,o-g-s,o-g-s_r_ww,r,ww,40.0
2020,p53,gas-CT,gas-CT,n,ww,8.5
2020,p55,gas-CT,gas-CT,n,ww,1.0
2020,p57,o-g-s,o-g-s_r_ww,r,ww,106.0
2020,p58,o-g-s,o-g-s_r_ww,r,ww,425.0
2020,p60,CoalOldScr,CoalOldScr_r_ww,r,ww,650.0
2020,p64,o-g-s,o-g-s_r_ww,r,ww,320.0
2020,p66,gas-CC,gas-CC_r_ww,r,ww,86.5
2020,p70,gas-CT,gas-CT,n,ww,1.1
2020,p79,gas-CT,gas-CT,n,ww,1.1
2020,p81,CoalOldScr,CoalOldScr_r_ww,r,ww,170.0
2020,p81,gas-CT,gas-CT,n,ww,7.5
2020,p82,coal-new,coal-new_r_ww,r,ww,138.0
2020,p86,gas-CT,gas-CT,n,ww,135.0
2020,p9,biopower,biopower_r_fg,r,fg,12.0
2020,p9,gas-CT,gas-CT,n,ww,6.0
2020,p9,lfill-gas,lfill-gas_r_ww,r,ww,2.7
2020,p9,o-g-s,o-g-s_r_ww,r,ww,1.4
2020,p96,gas-CT,gas-CT,n,ww,379.0
2020,p99,gas-CT,gas-CT,n,ww,1.2
2020,p99,o-g-s,o-g-s_r_ww,r,ww,786.0
2021,p10,hydro,hydro,n,ww,2.4
2021,p101,CoalOldScr,CoalOldScr_r_ww,r,ww,342.0
2021,p101,gas-CC,gas-CC_r_ww,r,ww,37.0
2021,p107,coal-new,coal-new_r_ww,r,ww,222.0
2021,p114,o-g-s,o-g-s_r_ww,r,ww,111.0
2021,p12,CoalOldUns,CoalOldUns_r_ww,r,ww,254.0
2021,p122,gas-CT,gas-CT,n,ww,27.0
2021,p123,coal-new,coal-new_r_ww,r,ww,667.0
2021,p125,o-g-s,o-g-s_r_ww,r,ww,103.0
2021,p126,gas-CC,gas-CC_r_ww,r,ww,70.0
2021,p127,gas-CT,gas-CT,n,ww,214.39999999999998
2021,p128,gas-CT,gas-CT,n,ww,4.5
2021,p129,hydro,hydro,n,ww,2.9
2021,p131,gas-CT,gas-CT,n,ww,0.8999999999999999
2021,p132,gas-CC,gas-CC_r_ww,r,ww,51.5
2021,p133,gas-CC,gas-CC_r_ww,r,ww,60.0
2021,p134,hydro,hydro,n,ww,4.0
2021,p134,lfill-gas,lfill-gas_r_ww,r,ww,1.8
2021,p25,gas-CT,gas-CT,n,ww,1.7999999999999998
2021,p34,gas-CT,gas-CT,n,ww,1.5
2021,p43,CoalOldUns,CoalOldUns_r_ww,r,ww,155.0
2021,p43,gas-CT,gas-CT,n,ww,4.6
2021,p63,gas-CT,gas-CT,n,ww,4.0
2021,p63,lfill-gas,lfill-gas_r_ww,r,ww,6.4
2021,p63,o-g-s,o-g-s_r_ww,r,ww,235.0
2021,p65,gas-CT,gas-CT,n,ww,91.0
2021,p69,gas-CT,gas-CT,n,ww,1.8
2021,p70,gas-CT,gas-CT,n,ww,3.1
2021,p70,o-g-s,o-g-s_r_ww,r,ww,107.0
2021,p77,coal-new,CoalOldScr_r_ww,r,ww,308.0
2021,p80,nuclear,nuclear_r_ww,r,ww,4097.0
2021,p81,gas-CC,gas-CC_r_ww,r,ww,247.0
2021,p9,gas-CT,gas-CT,n,ww,55.0
2021,p9,hydro,hydro,n,ww,0.5
2021,p90,gas-CT,gas-CT,n,ww,3.0
2021,p97,coal-new,coal-new_r_ww,r,ww,258.0
2021,p98,biopower,biopower_r_fg,r,fg,143.1
2021,p99,coal-new,CoalOldScr_r_ww,r,ww,240.0
2021,p99,lfill-gas,lfill-gas_r_ww,r,ww,2.8
2022,p116,CoalOldScr,CoalOldScr_r_ww,r,ww,1288.0
2022,p12,CoalOldScr,CoalOldScr_r_ww,r,ww,268.0
2022,p122,gas-CC,gas-CC_r_ww,r,ww,46.0
2022,p122,gas-CT,gas-CT,n,ww,18.0
2022,p131,gas-CT,gas-CT,n,ww,9.1
2022,p131,o-g-s,o-g-s_r_ww,r,ww,574.0
2022,p31,coal-new,coal-new_r_ww,r,ww,847.0
2022,p37,CoalOldScr,CoalOldScr_r_ww,r,ww,1147.0
2022,p58,CoalOldScr,CoalOldScr_r_ww,r,ww,642.0
2022,p81,CoalOldUns,CoalOldUns_r_ww,r,ww,949.0
2022,p81,gas-CT,gas-CT,n,ww,239.0
2022,p82,CoalOldUns,CoalOldUns_r_ww,r,ww,560.0
2022,p97,coal-new,coal-new_r_ww,r,ww,419.0
2023,p101,CoalOldScr,CoalOldScr_r_ww,r,ww,652.0
2023,p105,CoalOldScr,CoalOldScr_r_ww,r,ww,722.0
2023,p107,CoalOldScr,CoalOldScr_r_ww,r,ww,988.0
2023,p107,coal-new,coal-new_r_ww,r,ww,422.0
2023,p118,gas-CT,gas-CT,n,ww,80.0
2023,p127,gas-CT,gas-CT,n,ww,422.7
2023,p33,hydro,hydro,n,ww,1.8
2023,p57,CoalOldScr,CoalOldScr_r_ww,r,ww,721.0
2023,p99,coal-new,coal-new_r_ww,r,ww,670.0
2023,p99,o-g-s,o-g-s_r_ww,r,ww,790.0
2024,p10,o-g-s,o-g-s_r_ww,r,ww,1491.0
2024,p129,lfill-gas,lfill-gas_r_ww,r,ww,7.5
2024,p131,gas-CT,gas-CT,n,ww,3.8
2024,p132,gas-CT,gas-CT,n,ww,17.0
2024,p31,o-g-s,o-g-s_r_ww,r,ww,46.0
2024,p54,o-g-s,o-g-s_r_ww,r,ww,12.4
2024,p82,CoalOldScr,CoalOldScr_r_ww,r,ww,188.0
2024,p9,gas-CT,gas-CT,n,ww,54.0
2024,p9,nuclear,nuclear_r_ww,r,ww,1122.0
2024,p92,coal-new,coal-new_r_ww,r,ww,870.0
2024,p97,coal-new,coal-new_r_ww,r,ww,421.0
2026,p111,nuclear,nuclear_r_ww,r,ww,1240.0
2026,p12,o-g-s,o-g-s_r_ww,r,ww,113.0
2026,p2,CoalOldScr,CoalOldScr_r_ww,r,ww,670.0
2026,p33,CoalOldScr,CoalOldScr_r_ww,r,ww,427.0
2026,p34,coal-new,CoalOldScr_r_ww,r,ww,335.0
2026,p43,CoalOldScr,CoalOldScr_r_ww,r,ww,680.0
2026,p51,CoalOldUns,CoalOldUns_r_ww,r,ww,313.0
2026,p9,nuclear,nuclear_r_ww,r,ww,1118.0
2027,p24,CoalOldUns,CoalOldUns_r_ww,r,ww,210.0
2027,p24,coal-new,CoalOldScr_r_ww,r,ww,220.0
2027,p25,CoalOldScr,CoalOldScr_r_ww,r,ww,1800.0
2027,p85,o-g-s,o-g-s_r_ww,r,ww,522.0
2028,p43,coal-new,CoalOldScr_r_ww,r,ww,511.0
2029,p107,CoalOldUns,CoalOldUns_r_ww,r,ww,1300.0
2029,p21,CoalOldUns,CoalOldUns_r_ww,r,ww,330.0
2030,p106,gas-CT,gas-CT,n,ww,288.0
2031,p48,o-g-s,o-g-s_r_ww,r,ww,487.0
2034,p43,CoalOldScr,CoalOldScr_r_ww,r,ww,876.0
2034,p48,o-g-s,o-g-s_r_ww,r,ww,243.0
2037,p111,nuclear,nuclear_r_ww,r,ww,894.0
2037,p48,CoalOldUns,CoalOldUns_r_ww,r,ww,1067.0
2049,p127,nuclear,nuclear_r_ww,r,ww,624.9
2050,p127,nuclear,nuclear_r_ww,r,ww,582.0
2050,p75,nuclear,nuclear_r_ww,r,ww,595.9
2051,p43,nuclear,nuclear_r_ww,r,ww,617.0
2051,p96,nuclear,nuclear_r_ww,r,ww,741.0
2052,p102,nuclear,nuclear_r_ww,r,ww,837.0
2052,p75,nuclear,nuclear_r_ww,r,ww,599.9
2052,p81,nuclear,nuclear_r_ww,r,ww,1819.0
2052,p99,nuclear,nuclear_r_ww,r,ww,838.0
2053,p102,nuclear,nuclear_r_ww,r,ww,821.0
2053,p95,nuclear,nuclear_r_ww,r,ww,847.0
2053,p99,nuclear,nuclear_r_ww,r,ww,838.0
2054,p122,nuclear,nuclear_r_ww,r,ww,2450.4
2054,p41,nuclear,nuclear_r_ww,r,ww,770.0
2054,p43,nuclear,nuclear_r_ww,r,ww,1040.0
2054,p85,nuclear,nuclear_r_ww,r,ww,833.3
2054,p89,nuclear,nuclear_r_ww,r,ww,1255.8
2054,p95,nuclear,nuclear_r_ww,r,ww,1707.0
2055,p104,nuclear,nuclear_r_ww,r,ww,1009.0
2055,p123,nuclear,nuclear_r_ww,r,ww,872.0
2055,p132,nuclear,nuclear_r_ww,r,ww,853.0
2055,p89,nuclear,nuclear_r_ww,r,ww,1258.7
2055,p94,nuclear,nuclear_r_ww,r,ww,876.0
2055,p98,nuclear,nuclear_r_ww,r,ww,932.0
2056,p102,nuclear,nuclear_r_ww,r,ww,981.0
2056,p115,nuclear,nuclear_r_ww,r,ww,907.0
2056,p127,nuclear,nuclear_r_ww,r,ww,848.1
2057,p123,nuclear,nuclear_r_ww,r,ww,853.8
2057,p126,nuclear,nuclear_r_ww,r,ww,1170.2
2057,p89,nuclear,nuclear_r_ww,r,ww,1259.9
2057,p90,nuclear,nuclear_r_ww,r,ww,908.0
2057,p98,nuclear,nuclear_r_ww,r,ww,938.0
2058,p104,nuclear,nuclear_r_ww,r,ww,1168.0
2058,p99,nuclear,nuclear_r_ww,r,ww,948.0
2059,p94,nuclear,nuclear_r_ww,r,ww,883.0
2060,p85,nuclear,nuclear_r_ww,r,ww,984.5
2060,p99,nuclear,nuclear_r_ww,r,ww,944.0
2061,p126,nuclear,nuclear_r_ww,r,ww,1158.0
2061,p90,nuclear,nuclear_r_ww,r,ww,920.0
2061,p92,nuclear,nuclear_r_ww,r,ww,1152.0
2061,p97,nuclear,nuclear_r_ww,r,ww,1158.0
2062,p92,nuclear,nuclear_r_ww,r,ww,1125.7
2063,p102,nuclear,nuclear_r_ww,r,ww,987.0
2063,p122,nuclear,nuclear_r_ww,r,ww,1247.0
2064,p2,nuclear,nuclear_r_ww,r,ww,1163.0
2064,p72,nuclear,nuclear_r_ww,r,ww,1190.0
2064,p80,nuclear,nuclear_r_ww,r,ww,2264.4
2064,p96,nuclear,nuclear_r_ww,r,ww,971.0
2064,p97,nuclear,nuclear_r_ww,r,ww,1157.6
2065,p122,nuclear,nuclear_r_ww,r,ww,1247.0
2065,p53,nuclear,nuclear_r_ww,r,ww,1225.0
2065,p58,nuclear,nuclear_r_ww,r,ww,1165.4
2065,p87,nuclear,nuclear_r_ww,r,ww,1401.0
2065,p95,nuclear,nuclear_r_ww,r,ww,1160.1
2066,p122,nuclear,nuclear_r_ww,r,ww,1119.7
2066,p126,nuclear,nuclear_r_ww,r,ww,1172.0
2066,p132,nuclear,nuclear_r_ww,r,ww,1220.1
2066,p28,nuclear,nuclear_r_ww,r,ww,2625.0
2066,p58,nuclear,nuclear_r_ww,r,ww,967.5
2066,p95,nuclear,nuclear_r_ww,r,ww,1150.1
2067,p115,nuclear,nuclear_r_ww,r,ww,901.0
2067,p127,nuclear,nuclear_r_ww,r,ww,1291.7
2067,p83,nuclear,nuclear_r_ww,r,ww,1065.0
2067,p94,nuclear,nuclear_r_ww,r,ww,1150.0
2067,p98,nuclear,nuclear_r_ww,r,ww,968.0
2068,p103,nuclear,nuclear_r_ww,r,ww,1141.0
2068,p28,nuclear,nuclear_r_ww,r,ww,1312.0
2068,p65,nuclear,nuclear_r_ww,r,ww,1280.0
2068,p80,nuclear,nuclear_r_ww,r,ww,2337.0
2069,p65,nuclear,nuclear_r_ww,r,ww,1280.0
2069,p94,nuclear,nuclear_r_ww,r,ww,1152.0
2070,p122,nuclear,nuclear_r_ww,r,ww,1122.1
2070,p130,nuclear,nuclear_r_ww,r,ww,1251.4
2070,p63,nuclear,nuclear_r_ww,r,ww,1205.0
2073,p63,nuclear,nuclear_r_ww,r,ww,1195.0
2076,p92,nuclear,nuclear_r_ww,r,ww,1123.0
2100,p1,biopower,biopower_r_fg,r,fg,29.1
2100,p1,gas-CC,gas-CC_r_ww,r,ww,800.9
2100,p1,gas-CT,gas-CT,n,ww,670.7
2100,p1,hydro,hydro,n,ww,3195.0000000000005
2100,p1,lfill-gas,lfill-gas_r_ww,r,ww,5.399999999999999
2100,p10,CoalOldScr,CoalOldScr_r_ww,r,ww,54.0
2100,p10,CoalOldUns,CoalOldUns_r_ww,r,ww,2.3
2100,p10,biopower,biopower_r_fg,r,fg,100.5
2100,p10,gas-CC,gas-CC_r_ww,r,ww,7865.500000000001
2100,p10,gas-CT,gas-CT,n,ww,3365.7999999999993
2100,p10,hydro,hydro,n,ww,1214.5999999999997
2100,p10,lfill-gas,lfill-gas_r_ww,r,ww,122.6
2100,p10,o-g-s,o-g-s_r_ww,r,ww,961.0
2100,p10,pumped-hydro,pumped-hydro,n,fsa,1623.0
2100,p100,hydro,hydro,n,ww,2.4000000000000004
2100,p100,lfill-gas,lfill-gas_r_ww,r,ww,2.0
2100,p101,CoalOldScr,CoalOldScr_r_ww,r,ww,1554.0
2100,p101,battery_4,battery_4,n,fsu,15.9
2100,p101,biopower,biopower_r_fg,r,fg,82.0
2100,p101,coal-IGCC,coal-IGCC_r_fg,r,fg,220.0
2100,p101,coal-new,CoalOldScr_r_ww,r,ww,818.0
2100,p101,coal-new,coal-new_r_ww,r,ww,2283.0
2100,p101,gas-CC,gas-CC_r_ww,r,ww,15563.699999999999
2100,p101,gas-CT,gas-CT,n,ww,5568.4
2100,p101,hydro,hydro,n,ww,43.5
2100,p101,lfill-gas,lfill-gas_r_ww,r,ww,230.89999999999998
2100,p101,o-g-s,o-g-s_r_ww,r,ww,1527.0
2100,p102,biopower,biopower_r_fg,r,fg,105.0
2100,p102,gas-CC,gas-CC_r_ww,r,ww,6329.0
2100,p102,gas-CT,gas-CT,n,ww,1205.1999999999996
2100,p102,lfill-gas,lfill-gas_r_ww,r,ww,196.09999999999997
2100,p102,o-g-s,o-g-s_r_ww,r,ww,26.0
2100,p103,CoalOldScr,CoalOldScr_r_ww,r,ww,60.0
2100,p103,CoalOldUns,CoalOldUns_r_ww,r,ww,2032.0
2100,p103,biopower,biopower_r_fg,r,fg,123.3
2100,p103,coal-new,coal-new_r_ww,r,ww,1535.0
2100,p103,gas-CC,gas-CC_r_ww,r,ww,3127.5
2100,p103,gas-CT,gas-CT,n,ww,3789.7000000000003
2100,p103,hydro,hydro,n,ww,140.7000000000004
2100,p103,lfill-gas,lfill-gas_r_ww,r,ww,114.49999999999987
2100,p103,o-g-s,o-g-s_r_ww,r,ww,2115.5
2100,p103,pumped-hydro,pumped-hydro,n,fsa,2288.0
2100,p104,gas-CC,gas-CC_r_ww,r,ww,1064.8000000000002
2100,p104,gas-CT,gas-CT,n,ww,78.8
2100,p104,hydro,hydro,n,ww,9.799999999999997
2100,p104,lfill-gas,lfill-gas_r_ww,r,ww,4.6
2100,p105,CoalOldUns,CoalOldUns_r_ww,r,ww,25.8
2100,p105,battery_4,battery_4,n,fsu,2.0
2100,p105,coal-new,CoalOldUns_r_ww,r,ww,2.6
2100,p105,coal-new,coal-new_r_ww,r,ww,995.0
2100,p105,gas-CC,gas-CC_r_ww,r,ww,1062.0
2100,p105,gas-CT,gas-CT,n,ww,1403.1
2100,p105,hydro,hydro,n,ww,15.4
2100,p105,lfill-gas,lfill-gas_r_ww,r,ww,36.8
2100,p105,o-g-s,o-g-s_r_ww,r,ww,29.4
2100,p106,gas-CC,gas-CC_r_ww,r,ww,264.0
2100,p106,gas-CT,gas-CT,n,ww,316.0
2100,p106,lfill-gas,lfill-gas_r_ww,r,ww,5.0
2100,p106,o-g-s,o-g-s_r_ww,r,ww,624.48
2100,p107,CoalOldScr,CoalOldScr_r_ww,r,ww,2168.0
2100,p107,CoalOldUns,CoalOldUns_r_ww,r,ww,1400.0
2100,p107,coal-new,coal-new_r_ww,r,ww,3616.0
2100,p107,gas-CC,gas-CC_r_ww,r,ww,1173.0
2100,p107,gas-CT,gas-CT,n,ww,1246.7999999999997
2100,p107,hydro,hydro,n,ww,45.0
2100,p107,lfill-gas,lfill-gas_r_ww,r,ww,2.2
2100,p108,CoalOldScr,CoalOldScr_r_ww,r,ww,871.0
2100,p108,gas-CT,gas-CT,n,ww,58.0
2100,p109,CoalOldScr,CoalOldScr_r_ww,r,ww,1111.0
2100,p109,biopower,biopower_r_fg,r,fg,3.3
2100,p109,coal-new,CoalOldScr_r_ww,r,ww,536.0
2100,p109,coal-new,coal-new_r_ww,r,ww,3138.0
2100,p109,gas-CT,gas-CT,n,ww,3376.9
2100,p109,hydro,hydro,n,ww,195.6
2100,p109,lfill-gas,lfill-gas_r_ww,r,ww,15.200000000000005
2100,p11,gas-CC,gas-CC_r_ww,r,ww,1212.4
2100,p11,gas-CT,gas-CT,n,ww,547.7
2100,p11,hydro,hydro,n,ww,13.700000000000001
2100,p11,lfill-gas,lfill-gas_r_ww,r,ww,12.8
2100,p110,gas-CT,gas-CT,n,ww,825.0
2100,p110,o-g-s,o-g-s_r_ww,r,ww,260.0
2100,p111,CoalOldUns,CoalOldUns_r_ww,r,ww,662.0
2100,p111,biopower,biopower_r_fg,r,fg,7.2
2100,p111,coal-new,CoalOldScr_r_ww,r,ww,136.0
2100,p111,gas-CC,gas-CC_r_ww,r,ww,23.4
2100,p111,gas-CT,gas-CT,n,ww,1475.9999999999995
2100,p111,lfill-gas,lfill-gas_r_ww,r,ww,33.79999999999999
2100,p112,CoalOldScr,CoalOldScr_r_ww,r,ww,2709.0
2100,p112,CoalOldUns,CoalOldUns_r_ww,r,ww,89.2
2100,p112,battery_4,battery_4,n,fsu,2.0
2100,p112,coal-new,coal-new_r_ww,r,ww,2660.0
2100,p112,gas-CC,gas-CC_r_ww,r,ww,2892.0
2100,p112,gas-CT,gas-CT,n,ww,2543.7000000000035
2100,p112,hydro,hydro,n,ww,99.89999999999998
2100,p113,gas-CT,gas-CT,n,ww,780.8
2100,p114,CoalOldScr,CoalOldScr_r_ww,r,ww,1305.0
2100,p114,coal-new,coal-new_r_ww,r,ww,1020.0
2100,p114,gas-CC,gas-CC_r_ww,r,ww,46.5
2100,p114,gas-CT,gas-CT,n,ww,1280.3000000000002
2100,p114,hydro,hydro,n,ww,2.0
2100,p114,o-g-s,o-g-s_r_ww,r,ww,1.2
2100,p115,coal-new,coal-new_r_ww,r,ww,2265.0
2100,p115,gas-CC,gas-CC_r_ww,r,ww,1415.0
2100,p115,gas-CT,gas-CT,n,ww,878.3
2100,p115,hydro,hydro,n,ww,106.8
2100,p115,lfill-gas,lfill-gas_r_ww,r,ww,4.8
2100,p116,CoalOldScr,CoalOldScr_r_ww,r,ww,2554.0
2100,p116,coal-new,coal-new_r_ww,r,ww,3767.0
2100,p116,gas-CT,gas-CT,n,ww,354.4
2100,p116,hydro,hydro,n,ww,146.3
2100,p117,battery_4,battery_4,n,fsu,2.0
2100,p117,coal-new,coal-new_r_ww,r,ww,3399.0
2100,p117,gas-CT,gas-CT,n,ww,750.0
2100,p117,hydro,hydro,n,ww,150.5
2100,p118,gas-CT,gas-CT,n,ww,257.1
2100,p118,hydro,hydro,n,ww,142.6
2100,p118,o-g-s,o-g-s_r_ww,r,ww,462.5
2100,p12,coal-new,CoalOldScr_r_ww,r,ww,218.0
2100,p12,gas-CC,gas-CC_r_ww,r,ww,657.0
2100,p12,gas-CT,gas-CT,n,ww,243.20000000000007
2100,p12,hydro,hydro,n,ww,12.0
2100,p12,o-g-s,o-g-s_r_ww,r,ww,108.0
2100,p120,gas-CT,gas-CT,n,ww,118.29999999999998
2100,p120,lfill-gas,lfill-gas_r_ww,r,ww,14.400000000000013
2100,p121,coal-new,CoalOldScr_r_ww,r,ww,180.0
2100,p121,hydro,hydro,n,ww,18.0
2100,p122,CoalOldScr,CoalOldScr_r_ww,r,ww,1362.0
2100,p122,coal-new,CoalOldScr_r_ww,r,ww,742.0
2100,p122,coal-new,coal-new_r_ww,r,ww,3317.0
2100,p122,gas-CC,gas-CC_r_ww,r,ww,6626.999999999999
2100,p122,gas-CT,gas-CT,n,ww,2192.999999999999
2100,p122,hydro,hydro,n,ww,654.5
2100,p122,lfill-gas,lfill-gas_r_ww,r,ww,313.5000000000005
2100,p122,o-g-s,o-g-s_r_ww,r,ww,4459.9
2100,p122,pumped-hydro,pumped-hydro,n,fsa,1583.0
2100,p123,CoalOldUns,CoalOldUns_r_ww,r,ww,305.0
2100,p123,coal-new,coal-new_r_ww,r,ww,2478.0
2100,p123,gas-CC,gas-CC_r_ww,r,ww,230.0
2100,p123,gas-CT,gas-CT,n,ww,2222.2999999999997
2100,p123,hydro,hydro,n,ww,572.0
2100,p123,lfill-gas,lfill-gas_r_ww,r,ww,132.40000000000012
2100,p123,o-g-s,o-g-s_r_ww,r,ww,1842.0
2100,p124,gas-CT,gas-CT,n,ww,378.49999999999994
2100,p125,gas-CC,gas-CC_r_ww,r,ww,1195.0
2100,p125,gas-CT,gas-CT,n,ww,381.3
2100,p125,lfill-gas,lfill-gas_r_ww,r,ww,8.0
2100,p125,o-g-s,o-g-s_r_ww,r,ww,710.0
2100,p126,CoalOldScr,CoalOldScr_r_ww,r,ww,463.0
2100,p126,coal-new,CoalOldUns_r_ww,r,ww,11.6
2100,p126,gas-CC,gas-CC_r_ww,r,ww,5749.500000000003
2100,p126,gas-CT,gas-CT,n,ww,2040.1
2100,p126,hydro,hydro,n,ww,12.3
2100,p126,lfill-gas,lfill-gas_r_ww,r,ww,181.70000000000005
2100,p126,pumped-hydro,pumped-hydro,n,fsa,420.0
2100,p127,gas-CC,gas-CC_r_ww,r,ww,6973.300000000001
2100,p127,gas-CT,gas-CT,n,ww,2171.4000000000015
2100,p127,hydro,hydro,n,ww,4549.300000000002
2100,p127,lfill-gas,lfill-gas_r_ww,r,ww,236.30000000000035
2100,p127,o-g-s,o-g-s_r_ww,r,ww,8513.920000000002
2100,p127,pumped-hydro,pumped-hydro,n,fsa,1408.6
2100,p128,gas-CC,gas-CC_r_ww,r,ww,720.3
2100,p128,gas-CT,gas-CT,n,ww,2029.4000000000003
2100,p128,lfill-gas,lfill-gas_r_ww,r,ww,121.7
2100,p128,o-g-s,o-g-s_r_ww,r,ww,2347.0
2100,p129,biopower,biopower_r_fg,r,fg,72.0
2100,p129,gas-CT,gas-CT,n,ww,139.7
2100,p129,hydro,hydro,n,ww,325.59999999999997
2100,p129,lfill-gas,lfill-gas_r_ww,r,ww,1.6
2100,p13,gas-CC,gas-CC_r_ww,r,ww,4099.4
2100,p13,gas-CT,gas-CT,n,ww,1053.0
2100,p13,hydro,hydro,n,ww,1039.4
2100,p130,CoalOldUns,CoalOldUns_r_ww,r,ww,96.0
2100,p130,biopower,biopower_r_fg,r,fg,142.29999999999998
2100,p130,gas-CC,gas-CC_r_ww,r,ww,1258.0
2100,p130,gas-CT,gas-CT,n,ww,87.0
2100,p130,hydro,hydro,n,ww,501.90000000000015
2100,p130,lfill-gas,lfill-gas_r_ww,r,ww,29.6
2100,p130,o-g-s,o-g-s_r_ww,r,ww,400.0
2100,p131,biopower,biopower_r_fg,r,fg,16.0
2100,p131,gas-CC,gas-CC_r_ww,r,ww,5583.8
2100,p131,gas-CT,gas-CT,n,ww,825.8999999999997
2100,p131,hydro,hydro,n,ww,266.3000000000001
2100,p131,lfill-gas,lfill-gas_r_ww,r,ww,258.00000000000006
2100,p131,o-g-s,o-g-s_r_ww,r,ww,1234.6
2100,p131,pumped-hydro,pumped-hydro,n,fsa,1834.0
2100,p132,gas-CC,gas-CC_r_ww,r,ww,1951.3
2100,p132,gas-CT,gas-CT,n,ww,1212.8
2100,p132,hydro,hydro,n,ww,119.39999999999999
2100,p132,lfill-gas,lfill-gas_r_ww,r,ww,162.40000000000003
2100,p132,o-g-s,o-g-s_r_ww,r,ww,1692.8
2100,p132,pumped-hydro,pumped-hydro,n,fsa,29.4
2100,p133,gas-CC,gas-CC_r_ww,r,ww,1730.2000000000003
2100,p133,gas-CT,gas-CT,n,ww,10.200000000000001
2100,p133,hydro,hydro,n,ww,1.6
2100,p133,lfill-gas,lfill-gas_r_ww,r,ww,6.0
2100,p133,o-g-s,o-g-s_r_ww,r,ww,0.5
2100,p134,biopower,biopower_r_fg,r,fg,179.0
2100,p134,gas-CC,gas-CC_r_ww,r,ww,1288.3
2100,p134,gas-CT,gas-CT,n,ww,336.3
2100,p134,hydro,hydro,n,ww,713.0999999999999
2100,p134,lfill-gas,lfill-gas_r_ww,r,ww,38.7
2100,p134,o-g-s,o-g-s_r_ww,r,ww,811.0
2100,p14,biopower,biopower_r_fg,r,fg,28.3
2100,p14,gas-CC,gas-CC_r_ww,r,ww,248.0
2100,p14,gas-CT,gas-CT,n,ww,132.0
2100,p14,hydro,hydro,n,ww,338.50000000000006
2100,p15,biopower,biopower_r_fg,r,fg,5.8
2100,p15,gas-CT,gas-CT,n,ww,420.79999999999995
2100,p15,hydro,hydro,n,ww,1800.8999999999999
2100,p15,lfill-gas,lfill-gas_r_ww,r,ww,3.0
2100,p16,hydro,hydro,n,ww,617.6000000000001
2100,p17,gas-CT,gas-CT,n,ww,54.0
2100,p17,hydro,hydro,n,ww,1855.3000000000002
2100,p18,coal-new,CoalOldScr_r_ww,r,ww,107.0
2100,p18,hydro,hydro,n,ww,635.5000000000001
2100,p2,biopower,biopower_r_fg,r,fg,17.4
2100,p2,gas-CC,gas-CC_r_ww,r,ww,1834.7
2100,p2,hydro,hydro,n,ww,3505.4999999999995
2100,p2,lfill-gas,lfill-gas_r_ww,r,ww,10.5
2100,p20,CoalOldScr,CoalOldScr_r_ww,r,ww,1518.0
2100,p20,coal-new,CoalOldScr_r_ww,r,ww,52.0
2100,p21,CoalOldScr,CoalOldScr_r_ww,r,ww,2111.0
2100,p21,battery_4,battery_4,n,fsu,11.5
2100,p21,gas-CT,gas-CT,n,ww,8.3
2100,p21,hydro,hydro,n,ww,64.69999999999999
2100,p22,gas-CT,gas-CT,n,ww,15.0
2100,p23,CoalOldScr,CoalOldScr_r_ww,r,ww,332.0
2100,p23,coal-new,CoalOldScr_r_ww,r,ww,355.0
2100,p23,gas-CT,gas-CT,n,ww,98.0
2100,p24,CoalOldScr,CoalOldScr_r_ww,r,ww,1710.0
2100,p24,hydro,hydro,n,ww,240.79999999999993
2100,p25,CoalOldScr,CoalOldScr_r_ww,r,ww,1871.0
2100,p25,coal-new,coal-new_r_ww,r,ww,450.0
2100,p25,gas-CC,gas-CC_r_ww,r,ww,1201.0
2100,p25,gas-CT,gas-CT,n,ww,542.7
2100,p25,hydro,hydro,n,ww,74.29999999999998
2100,p25,lfill-gas,lfill-gas_r_ww,r,ww,9.799999999999999
2100,p25,o-g-s,o-g-s_r_ww,r,ww,237.0
2100,p26,CoalOldScr,CoalOldScr_r_ww,r,ww,458.0
2100,p26,gas-CT,gas-CT,n,ww,9.9
2100,p26,hydro,hydro,n,ww,183.7
2100,p27,gas-CC,gas-CC_r_ww,r,ww,1120.0
2100,p27,gas-CT,gas-CT,n,ww,90.0
2100,p27,hydro,hydro,n,ww,1294.5
2100,p28,CoalOldScr,CoalOldScr_r_ww,r,ww,291.0
2100,p28,biopower,biopower_r_fg,r,fg,22.2
2100,p28,coal-new,coal-new_r_ww,r,ww,271.0
2100,p28,gas-CC,gas-CC_r_ww,r,ww,8737.1
2100,p28,gas-CT,gas-CT,n,ww,1567.5
2100,p28,hydro,hydro,n,ww,1423.4
2100,p28,o-g-s,o-g-s_r_ww,r,ww,729.0
2100,p28,pumped-hydro,pumped-hydro,n,fsa,216.3
2100,p29,CoalOldScr,CoalOldScr_r_ww,r,ww,793.0
2100,p29,coal-new,CoalOldScr_r_ww,r,ww,832.0
2100,p3,biopower,biopower_r_fg,r,fg,50.0
2100,p3,gas-CT,gas-CT,n,ww,76.79999999999998
2100,p3,hydro,hydro,n,ww,2200.4
2100,p3,lfill-gas,lfill-gas_r_ww,r,ww,22.8
2100,p30,gas-CC,gas-CC_r_ww,r,ww,8.3
2100,p30,gas-CT,gas-CT,n,ww,278.3
2100,p30,o-g-s,o-g-s_r_ww,r,ww,260.0
2100,p31,CoalOldScr,CoalOldScr_r_ww,r,ww,1540.0
2100,p31,gas-CC,gas-CC_r_ww,r,ww,852.6
2100,p31,gas-CT,gas-CT,n,ww,518.5
2100,p31,hydro,hydro,n,ww,79.7
2100,p31,lfill-gas,lfill-gas_r_ww,r,ww,3.2
2100,p31,o-g-s,o-g-s_r_ww,r,ww,296.0
2100,p32,gas-CT,gas-CT,n,ww,112.0
2100,p32,hydro,hydro,n,ww,4.0
2100,p33,CoalOldScr,CoalOldScr_r_ww,r,ww,1138.0
2100,p33,coal-new,CoalOldScr_r_ww,r,ww,441.0
2100,p33,gas-CC,gas-CC_r_ww,r,ww,2025.6
2100,p33,gas-CT,gas-CT,n,ww,2097.8
2100,p33,hydro,hydro,n,ww,292.8
2100,p33,lfill-gas,lfill-gas_r_ww,r,ww,3.2
2100,p33,o-g-s,o-g-s_r_ww,r,ww,350.0
2100,p33,pumped-hydro,pumped-hydro,n,fsa,599.1
2100,p34,coal-new,CoalOldScr_r_ww,r,ww,750.0
2100,p34,gas-CC,gas-CC_r_ww,r,ww,460.0
2100,p34,gas-CT,gas-CT,n,ww,602.7
2100,p34,hydro,hydro,n,ww,356.40000000000003
2100,p34,o-g-s,o-g-s_r_ww,r,ww,55.0
2100,p35,gas-CT,gas-CT,n,ww,189.3
2100,p35,hydro,hydro,n,ww,198.0
2100,p36,CoalOldScr,CoalOldScr_r_ww,r,ww,1776.0
2100,p36,hydro,hydro,n,ww,510.0
2100,p37,gas-CT,gas-CT,n,ww,53.199999999999996
2100,p38,gas-CT,gas-CT,n,ww,759.5
2100,p38,hydro,hydro,n,ww,1594.0
2100,p39,gas-CT,gas-CT,n,ww,12.7
2100,p39,hydro,hydro,n,ww,38.0
2100,p4,hydro,hydro,n,ww,11051.0
2100,p4,pumped-hydro,pumped-hydro,n,fsa,314.0
2100,p40,CoalOldUns,CoalOldUns_r_ww,r,ww,1442.0
2100,p40,coal-new,CoalOldScr_r_ww,r,ww,60.0
2100,p40,gas-CC,gas-CC_r_ww,r,ww,220.0
2100,p40,gas-CT,gas-CT,n,ww,311.39999999999986
2100,p40,hydro,hydro,n,ww,238.7
2100,p40,o-g-s,o-g-s_r_ww,r,ww,140.0
2100,p41,CoalOldUns,CoalOldUns_r_ww,r,ww,1245.5
2100,p41,coal-new,CoalOldScr_r_ww,r,ww,691.0
2100,p41,gas-CC,gas-CC_r_ww,r,ww,118.19999999999999
2100,p41,gas-CT,gas-CT,n,ww,1276.5000000000002
2100,p41,lfill-gas,lfill-gas_r_ww,r,ww,6.3999999999999995
2100,p41,o-g-s,o-g-s_r_ww,r,ww,242.0
2100,p42,gas-CT,gas-CT,n,ww,63.099999999999994
2100,p42,hydro,hydro,n,ww,14.7
2100,p43,CoalOldUns,CoalOldUns_r_ww,r,ww,127.79999999999998
2100,p43,biopower,biopower_r_fg,r,fg,166.3
2100,p43,coal-new,CoalOldUns_r_ww,r,ww,7.6
2100,p43,coal-new,coal-new_r_ww,r,ww,364.0
2100,p43,gas-CC,gas-CC_r_ww,r,ww,1829.0
2100,p43,gas-CT,gas-CT,n,ww,1945.1999999999998
2100,p43,hydro,hydro,n,ww,169.80000000000007
2100,p43,lfill-gas,lfill-gas_r_ww,r,ww,68.69999999999997
2100,p43,o-g-s,o-g-s_r_ww,r,ww,100.8
2100,p44,gas-CT,gas-CT,n,ww,57.50000000000001
2100,p44,hydro,hydro,n,ww,1.1
2100,p45,coal-new,CoalOldScr_r_ww,r,ww,1522.0
2100,p45,gas-CC,gas-CC_r_ww,r,ww,518.8
2100,p45,gas-CT,gas-CT,n,ww,452.9
2100,p45,lfill-gas,lfill-gas_r_ww,r,ww,4.0
2100,p45,o-g-s,o-g-s_r_ww,r,ww,38.0
2100,p46,CoalOldUns,CoalOldUns_r_ww,r,ww,390.0
2100,p46,biopower,biopower_r_fg,r,fg,57.099999999999994
2100,p46,gas-CT,gas-CT,n,ww,383.8000000000002
2100,p46,hydro,hydro,n,ww,169.30000000000004
2100,p46,lfill-gas,lfill-gas_r_ww,r,ww,4.0
2100,p47,gas-CC,gas-CC_r_ww,r,ww,585.0
2100,p47,gas-CT,gas-CT,n,ww,280.0
2100,p47,o-g-s,o-g-s_r_ww,r,ww,295.0
2100,p48,CoalOldUns,CoalOldUns_r_ww,r,ww,1018.0
2100,p48,gas-CC,gas-CC_r_ww,r,ww,538.0
2100,p48,gas-CT,gas-CT,n,ww,601.1
2100,p48,o-g-s,o-g-s_r_ww,r,ww,477.0
2100,p5,biopower,biopower_r_fg,r,fg,17.5
2100,p5,gas-CC,gas-CC_r_ww,r,ww,2470.9
2100,p5,gas-CT,gas-CT,n,ww,33.8
2100,p5,hydro,hydro,n,ww,7703.899999999999
2100,p5,lfill-gas,lfill-gas_r_ww,r,ww,36.20000000000001
2100,p50,CoalOldScr,CoalOldScr_r_ww,r,ww,320.0
2100,p50,CoalOldUns,CoalOldUns_r_ww,r,ww,440.0
2100,p50,gas-CC,gas-CC_r_ww,r,ww,3586.7000000000003
2100,p50,gas-CT,gas-CT,n,ww,1008.9999999999999
2100,p50,hydro,hydro,n,ww,472.9
2100,p50,o-g-s,o-g-s_r_ww,r,ww,2983.8
2100,p51,CoalOldScr,CoalOldScr_r_ww,r,ww,492.0
2100,p51,CoalOldUns,CoalOldUns_r_ww,r,ww,1494.0
2100,p51,gas-CC,gas-CC_r_ww,r,ww,2765.3999999999996
2100,p51,gas-CT,gas-CT,n,ww,179.9
2100,p51,hydro,hydro,n,ww,460.19999999999993
2100,p51,lfill-gas,lfill-gas_r_ww,r,ww,15.600000000000001
2100,p51,o-g-s,o-g-s_r_ww,r,ww,1676.0
2100,p51,pumped-hydro,pumped-hydro,n,fsa,258.0
2100,p52,CoalOldScr,CoalOldScr_r_ww,r,ww,359.0
2100,p52,gas-CT,gas-CT,n,ww,190.10000000000002
2100,p52,o-g-s,o-g-s_r_ww,r,ww,93.0
2100,p53,coal-new,coal-new_r_ww,r,ww,2189.0
2100,p53,gas-CC,gas-CC_r_ww,r,ww,149.0
2100,p53,gas-CT,gas-CT,n,ww,2770.9000000000005
2100,p53,hydro,hydro,n,ww,2.4
2100,p53,lfill-gas,lfill-gas_r_ww,r,ww,7.1
2100,p53,o-g-s,o-g-s_r_ww,r,ww,552.5
2100,p54,coal-new,CoalOldScr_r_ww,r,ww,564.0
2100,p54,coal-new,coal-new_r_ww,r,ww,1582.0
2100,p54,gas-CC,gas-CC_r_ww,r,ww,846.9
2100,p54,gas-CT,gas-CT,n,ww,2060.6000000000004
2100,p54,o-g-s,o-g-s_r_ww,r,ww,127.49999999999999
2100,p55,CoalOldUns,CoalOldUns_r_ww,r,ww,184.0
2100,p55,gas-CC,gas-CC_r_ww,r,ww,495.0
2100,p55,gas-CT,gas-CT,n,ww,778.1
2100,p55,hydro,hydro,n,ww,284.5
2100,p55,lfill-gas,lfill-gas_r_ww,r,ww,3.0
2100,p55,pumped-hydro,pumped-hydro,n,fsa,186.0
2100,p56,gas-CC,gas-CC_r_ww,r,ww,162.0
2100,p56,gas-CT,gas-CT,n,ww,334.0
2100,p56,hydro,hydro,n,ww,741.5
2100,p56,lfill-gas,lfill-gas_r_ww,r,ww,4.0
2100,p57,CoalOldUns,CoalOldUns_r_ww,r,ww,1056.0
2100,p57,biopower,biopower_r_fg,r,fg,5.0
2100,p57,gas-CC,gas-CC_r_ww,r,ww,931.6
2100,p57,o-g-s,o-g-s_r_ww,r,ww,1225.0
2100,p58,CoalOldScr,CoalOldScr_r_ww,r,ww,204.0
2100,p58,CoalOldUns,CoalOldUns_r_ww,r,ww,2191.0
2100,p58,battery_4,battery_4,n,fsu,4.3
2100,p58,biopower,biopower_r_fg,r,fg,10.9
2100,p58,coal-new,CoalOldScr_r_ww,r,ww,626.0
2100,p58,gas-CC,gas-CC_r_ww,r,ww,5446.699999999999
2100,p58,gas-CT,gas-CT,n,ww,1823.0
2100,p58,hydro,hydro,n,ww,192.0
2100,p58,o-g-s,o-g-s_r_ww,r,ww,5283.28
2100,p59,gas-CC,gas-CC_r_ww,r,ww,367.0
2100,p59,gas-CT,gas-CT,n,ww,64.0
2100,p59,o-g-s,o-g-s_r_ww,r,ww,97.0
2100,p6,biopower,biopower_r_fg,r,fg,90.39999999999999
2100,p6,gas-CC,gas-CC_r_ww,r,ww,490.0
2100,p6,gas-CT,gas-CT,n,ww,100.0
2100,p6,hydro,hydro,n,ww,426.2
2100,p6,lfill-gas,lfill-gas_r_ww,r,ww,3.0
2100,p60,gas-CC,gas-CC_r_ww,r,ww,312.0
2100,p60,gas-CT,gas-CT,n,ww,402.0
2100,p61,battery_4,battery_4,n,fsu,4.0
2100,p61,gas-CT,gas-CT,n,ww,6.9
2100,p61,hydro,hydro,n,ww,58.0
2100,p62,gas-CC,gas-CC_r_ww,r,ww,1515.1999999999998
2100,p62,gas-CT,gas-CT,n,ww,321.0
2100,p63,CoalOldScr,CoalOldScr_r_ww,r,ww,4404.0
2100,p63,coal-new,coal-new_r_ww,r,ww,1710.0
2100,p63,gas-CC,gas-CC_r_ww,r,ww,9914.1
2100,p63,gas-CT,gas-CT,n,ww,599.5999999999999
2100,p63,hydro,hydro,n,ww,144.0
2100,p63,lfill-gas,lfill-gas_r_ww,r,ww,17.0
2100,p63,o-g-s,o-g-s_r_ww,r,ww,5171.5
2100,p64,CoalOldScr,CoalOldScr_r_ww,r,ww,435.0
2100,p64,gas-CC,gas-CC_r_ww,r,ww,5014.8
2100,p64,gas-CT,gas-CT,n,ww,794.2999999999997
2100,p64,hydro,hydro,n,ww,309.3
2100,p64,lfill-gas,lfill-gas_r_ww,r,ww,9.6
2100,p64,o-g-s,o-g-s_r_ww,r,ww,1123.2
2100,p65,CoalOldScr,CoalOldScr_r_ww,r,ww,951.0
2100,p65,CoalOldUns,CoalOldUns_r_ww,r,ww,1495.6
2100,p65,biopower,biopower_r_fg,r,fg,17.5
2100,p65,coal-new,coal-new_r_ww,r,ww,785.0
2100,p65,gas-CC,gas-CC_r_ww,r,ww,5777.3
2100,p65,gas-CT,gas-CT,n,ww,945.6999999999995
2100,p65,hydro,hydro,n,ww,36.5
2100,p65,lfill-gas,lfill-gas_r_ww,r,ww,18.0
2100,p65,o-g-s,o-g-s_r_ww,r,ww,1989.0
2100,p66,gas-CC,gas-CC_r_ww,r,ww,2954.000000000001
2100,p66,gas-CT,gas-CT,n,ww,1055.8999999999999
2100,p66,hydro,hydro,n,ww,140.0
2100,p66,lfill-gas,lfill-gas_r_ww,r,ww,3.4
2100,p66,o-g-s,o-g-s_r_ww,r,ww,3524.499999999999
2100,p67,CoalOldScr,CoalOldScr_r_ww,r,ww,610.0
2100,p67,CoalOldUns,CoalOldUns_r_ww,r,ww,1889.0
2100,p67,gas-CC,gas-CC_r_ww,r,ww,6862.8
2100,p67,gas-CT,gas-CT,n,ww,1980.0
2100,p67,o-g-s,o-g-s_r_ww,r,ww,1198.0
2100,p68,gas-CC,gas-CC_r_ww,r,ww,330.0
2100,p68,gas-CT,gas-CT,n,ww,1105.8
2100,p68,hydro,hydro,n,ww,6.6000000000000005
2100,p68,lfill-gas,lfill-gas_r_ww,r,ww,18.0
2100,p68,o-g-s,o-g-s_r_ww,r,ww,18.0
2100,p69,gas-CT,gas-CT,n,ww,378.6999999999999
2100,p69,o-g-s,o-g-s_r_ww,r,ww,56.6
2100,p7,hydro,hydro,n,ww,231.20000000000002
2100,p70,CoalOldScr,CoalOldScr_r_ww,r,ww,323.0
2100,p70,CoalOldUns,CoalOldUns_r_ww,r,ww,94.3
2100,p70,coal-new,CoalOldScr_r_ww,r,ww,878.0
2100,p70,gas-CC,gas-CC_r_ww,r,ww,526.8
2100,p70,gas-CT,gas-CT,n,ww,1244.1999999999991
2100,p70,hydro,hydro,n,ww,145.39999999999998
2100,p70,lfill-gas,lfill-gas_r_ww,r,ww,6.3999999999999995
2100,p70,o-g-s,o-g-s_r_ww,r,ww,449.79999999999995
2100,p71,gas-CT,gas-CT,n,ww,60.699999999999996
2100,p71,hydro,hydro,n,ww,27.0
2100,p71,pumped-hydro,pumped-hydro,n,fsa,31.0
2100,p72,CoalOldScr,CoalOldScr_r_ww,r,ww,240.0
2100,p72,CoalOldUns,CoalOldUns_r_ww,r,ww,4684.0
2100,p72,coal-new,coal-new_r_ww,r,ww,974.0
2100,p72,gas-CC,gas-CC_r_ww,r,ww,28.0
2100,p72,gas-CT,gas-CT,n,ww,1349.9999999999995
2100,p72,hydro,hydro,n,ww,234.0
2100,p72,lfill-gas,lfill-gas_r_ww,r,ww,4.7
2100,p72,o-g-s,o-g-s_r_ww,r,ww,38.0
2100,p73,pumped-hydro,pumped-hydro,n,fsa,440.0
2100,p74,biopower,biopower_r_fg,r,fg,17.7
2100,p74,gas-CT,gas-CT,n,ww,54.4
2100,p74,hydro,hydro,n,ww,106.70000000000002
2100,p75,CoalOldUns,CoalOldUns_r_ww,r,ww,327.0
2100,p75,biopower,biopower_r_fg,r,fg,44.0
2100,p75,coal-new,CoalOldScr_r_ww,r,ww,608.0
2100,p75,gas-CT,gas-CT,n,ww,555.4
2100,p75,hydro,hydro,n,ww,75.70000000000003
2100,p75,lfill-gas,lfill-gas_r_ww,r,ww,8.799999999999999
2100,p75,o-g-s,o-g-s_r_ww,r,ww,78.0
2100,p76,gas-CC,gas-CC_r_ww,r,ww,630.5
2100,p76,gas-CT,gas-CT,n,ww,707.3000000000001
2100,p76,hydro,hydro,n,ww,86.6
2100,p76,lfill-gas,lfill-gas_r_ww,r,ww,10.500000000000002
2100,p76,o-g-s,o-g-s_r_ww,r,ww,1.5
2100,p77,gas-CT,gas-CT,n,ww,16.8
2100,p77,hydro,hydro,n,ww,29.200000000000003
2100,p78,gas-CC,gas-CC_r_ww,r,ww,702.8000000000001
2100,p78,gas-CT,gas-CT,n,ww,550.7999999999998
2100,p78,lfill-gas,lfill-gas_r_ww,r,ww,3.0
2100,p78,o-g-s,o-g-s_r_ww,r,ww,94.0
2100,p79,coal-new,coal-new_r_ww,r,ww,633.0
2100,p79,gas-CC,gas-CC_r_ww,r,ww,1477.8000000000002
2100,p79,gas-CT,gas-CT,n,ww,1306.6999999999998
2100,p79,lfill-gas,lfill-gas_r_ww,r,ww,35.9
2100,p79,o-g-s,o-g-s_r_ww,r,ww,268.0
2100,p8,biopower,biopower_r_fg,r,fg,39.0
2100,p8,gas-CT,gas-CT,n,ww,5.0
2100,p8,hydro,hydro,n,ww,117.60000000000001
2100,p80,CoalOldUns,CoalOldUns_r_ww,r,ww,1199.0
2100,p80,coal-new,CoalOldScr_r_ww,r,ww,10.6
2100,p80,coal-new,CoalOldUns_r_ww,r,ww,21.2
2100,p80,gas-CC,gas-CC_r_ww,r,ww,1337.7
2100,p80,gas-CT,gas-CT,n,ww,7554.599999999998
2100,p80,hydro,hydro,n,ww,29.700000000000003
2100,p80,lfill-gas,lfill-gas_r_ww,r,ww,45.599999999999994
2100,p80,o-g-s,o-g-s_r_ww,r,ww,1378.0
2100,p81,coal-new,CoalOldScr_r_ww,r,ww,741.0
2100,p81,gas-CC,gas-CC_r_ww,r,ww,785.2
2100,p81,gas-CT,gas-CT,n,ww,1591.9000000000003
2100,p81,hydro,hydro,n,ww,4.3999999999999995
2100,p82,CoalOldUns,CoalOldUns_r_ww,r,ww,1536.0
2100,p82,coal-new,coal-new_r_ww,r,ww,208.0
2100,p82,gas-CT,gas-CT,n,ww,149.09999999999997
2100,p82,lfill-gas,lfill-gas_r_ww,r,ww,2.4000000000000004
2100,p83,CoalOldUns,CoalOldUns_r_ww,r,ww,1703.0
2100,p83,gas-CC,gas-CC_r_ww,r,ww,624.3
2100,p83,gas-CT,gas-CT,n,ww,1566.6999999999985
2100,p83,lfill-gas,lfill-gas_r_ww,r,ww,6.4
2100,p84,CoalOldUns,CoalOldUns_r_ww,r,ww,1154.0
2100,p84,gas-CC,gas-CC_r_ww,r,ww,425.0
2100,p84,gas-CT,gas-CT,n,ww,216.7
2100,p84,hydro,hydro,n,ww,3.0
2100,p85,CoalOldUns,CoalOldUns_r_ww,r,ww,3288.0
2100,p85,biopower,biopower_r_fg,r,fg,8.0
2100,p85,coal-new,CoalOldScr_r_ww,r,ww,680.0
2100,p85,gas-CC,gas-CC_r_ww,r,ww,4441.400000000001
2100,p85,gas-CT,gas-CT,n,ww,370.6
2100,p85,hydro,hydro,n,ww,514.6
2100,p85,lfill-gas,lfill-gas_r_ww,r,ww,4.0
2100,p85,o-g-s,o-g-s_r_ww,r,ww,280.4
2100,p85,pumped-hydro,pumped-hydro,n,fsa,28.0
2100,p86,gas-CC,gas-CC_r_ww,r,ww,1264.6000000000001
2100,p86,gas-CT,gas-CT,n,ww,151.5
2100,p87,gas-CC,gas-CC_r_ww,r,ww,3829.499999999999
2100,p87,gas-CT,gas-CT,n,ww,1017.9999999999998
2100,p87,o-g-s,o-g-s_r_ww,r,ww,1511.0
2100,p88,coal-new,CoalOldScr_r_ww,r,ww,440.0
2100,p88,gas-CC,gas-CC_r_ww,r,ww,3174.0
2100,p88,gas-CT,gas-CT,n,ww,293.2
2100,p88,o-g-s,o-g-s_r_ww,r,ww,18.6
2100,p89,coal-new,coal-new_r_ww,r,ww,2913.0
2100,p89,gas-CC,gas-CC_r_ww,r,ww,1474.0
2100,p89,gas-CT,gas-CT,n,ww,1122.8000000000004
2100,p89,hydro,hydro,n,ww,1557.4000000000003
2100,p89,lfill-gas,lfill-gas_r_ww,r,ww,0.8
2100,p89,o-g-s,o-g-s_r_ww,r,ww,1536.0
2100,p9,CoalOldUns,CoalOldUns_r_ww,r,ww,17.0
2100,p9,biopower,biopower_r_fg,r,fg,359.4
2100,p9,gas-CC,gas-CC_r_ww,r,ww,7399.800000000002
2100,p9,gas-CT,gas-CT,n,ww,2803.399999999998
2100,p9,hydro,hydro,n,ww,8774.600000000002
2100,p9,lfill-gas,lfill-gas_r_ww,r,ww,76.39999999999999
2100,p9,o-g-s,o-g-s_r_ww,r,ww,1.2000000000000002
2100,p9,pumped-hydro,pumped-hydro,n,fsa,1655.6
2100,p90,CoalOldUns,CoalOldUns_r_ww,r,ww,362.0
2100,p90,coal-new,coal-new_r_ww,r,ww,756.0
2100,p90,gas-CC,gas-CC_r_ww,r,ww,8169.800000000003
2100,p90,gas-CT,gas-CT,n,ww,1524.0
2100,p90,hydro,hydro,n,ww,1734.4000000000003
2100,p90,o-g-s,o-g-s_r_ww,r,ww,242.0
2100,p91,coal-new,coal-new_r_ww,r,ww,924.0
2100,p91,gas-CC,gas-CC_r_ww,r,ww,747.0
2100,p91,gas-CT,gas-CT,n,ww,126.0
2100,p91,lfill-gas,lfill-gas_r_ww,r,ww,17.800000000000004
2100,p91,o-g-s,o-g-s_r_ww,r,ww,16.2
2100,p92,biopower,biopower_r_fg,r,fg,1.8
2100,p92,coal-new,coal-new_r_ww,r,ww,3868.0
2100,p92,gas-CC,gas-CC_r_ww,r,ww,525.0
2100,p92,gas-CT,gas-CT,n,ww,3796.0000000000027
2100,p92,hydro,hydro,n,ww,2616.6
2100,p92,lfill-gas,lfill-gas_r_ww,r,ww,3.2
2100,p92,pumped-hydro,pumped-hydro,n,fsa,1616.3
2100,p93,CoalOldUns,CoalOldUns_r_ww,r,ww,938.0
2100,p93,gas-CT,gas-CT,n,ww,714.6
2100,p93,hydro,hydro,n,ww,682.5
2100,p94,biopower,biopower_r_fg,r,fg,122.10000000000001
2100,p94,coal-new,coal-new_r_ww,r,ww,4976.0
2100,p94,gas-CC,gas-CC_r_ww,r,ww,5519.000000000001
2100,p94,gas-CT,gas-CT,n,ww,8639.199999999999
2100,p94,hydro,hydro,n,ww,1960.7999999999997
2100,p94,lfill-gas,lfill-gas_r_ww,r,ww,12.0
2100,p94,o-g-s,o-g-s_r_ww,r,ww,736.3
2100,p94,pumped-hydro,pumped-hydro,n,fsa,1862.2
2100,p95,gas-CC,gas-CC_r_ww,r,ww,546.0
2100,p95,gas-CT,gas-CT,n,ww,2050.5999999999995
2100,p95,hydro,hydro,n,ww,450.3999999999999
2100,p95,lfill-gas,lfill-gas_r_ww,r,ww,16.0
2100,p95,o-g-s,o-g-s_r_ww,r,ww,170.0
2100,p95,pumped-hydro,pumped-hydro,n,fsa,2400.0
2100,p96,CoalOldScr,CoalOldScr_r_ww,r,ww,1140.0
2100,p96,biopower,biopower_r_fg,r,fg,165.2
2100,p96,coal-new,CoalOldScr_r_ww,r,ww,415.0
2100,p96,coal-new,coal-new_r_ww,r,ww,3629.0
2100,p96,gas-CC,gas-CC_r_ww,r,ww,1853.0
2100,p96,gas-CT,gas-CT,n,ww,769.4000000000001
2100,p96,hydro,hydro,n,ww,877.5
2100,p96,lfill-gas,lfill-gas_r_ww,r,ww,23.100000000000005
2100,p96,o-g-s,o-g-s_r_ww,r,ww,348.3
2100,p96,pumped-hydro,pumped-hydro,n,fsa,576.0
2100,p97,coal-new,coal-new_r_ww,r,ww,4822.0
2100,p97,gas-CC,gas-CC_r_ww,r,ww,499.0
2100,p97,gas-CT,gas-CT,n,ww,3288.799999999999
2100,p97,hydro,hydro,n,ww,1444.7
2100,p97,lfill-gas,lfill-gas_r_ww,r,ww,11.999999999999998
2100,p97,pumped-hydro,pumped-hydro,n,fsa,86.0
2100,p98,biopower,biopower_r_fg,r,fg,90.4
2100,p98,coal-new,coal-new_r_ww,r,ww,3167.0
2100,p98,gas-CC,gas-CC_r_ww,r,ww,826.0
2100,p98,gas-CT,gas-CT,n,ww,2097.9
2100,p98,hydro,hydro,n,ww,441.79999999999995
2100,p98,lfill-gas,lfill-gas_r_ww,r,ww,7.999999999999998
2100,p99,CoalOldScr,CoalOldScr_r_ww,r,ww,14.7
2100,p99,biopower,biopower_r_fg,r,fg,156.0
2100,p99,coal-new,coal-new_r_ww,r,ww,877.0
2100,p99,gas-CC,gas-CC_r_ww,r,ww,3150.1
2100,p99,gas-CT,gas-CT,n,ww,3904.199999999997
2100,p99,hydro,hydro,n,ww,719.5999999999997
2100,p99,lfill-gas,lfill-gas_r_ww,r,ww,279.00000000000324
2100,p99,o-g-s,o-g-s_r_ww,r,ww,78.60000000000001
2100,p99,pumped-hydro,pumped-hydro,n,fsa,3241.0
