Commercial.Online.Year,pca,tech,coolingwatertech,ctt,wst,cap
2010,p10,gas-CT,gas-CT,n,ww,4.3
2010,p10,lfill-gas,lfill-gas_r_ww,r,ww,15.600000000000001
2010,p100,lfill-gas,lfill-gas_r_ww,r,ww,2.0
2010,p101,coal-new,CoalOldScr_r_ww,r,ww,232.0
2010,p101,coal-new,coal-new_r_ww,r,ww,712.0
2010,p101,gas-CC,gas-CC_r_ww,r,ww,295.0
2010,p101,lfill-gas,lfill-gas_r_ww,r,ww,2.4000000000000004
2010,p103,lfill-gas,lfill-gas_r_ww,r,ww,6.0
2010,p105,lfill-gas,lfill-gas_r_ww,r,ww,7.999999999999999
2010,p109,coal-new,coal-new_r_ww,r,ww,409.0
2010,p109,gas-CT,gas-CT,n,ww,176.0
2010,p11,gas-CT,gas-CT,n,ww,146.2
2010,p111,gas-CT,gas-CT,n,ww,1.8
2010,p111,lfill-gas,lfill-gas_r_ww,r,ww,1.6
2010,p112,coal-new,coal-new_r_ww,r,ww,1490.0
2010,p114,o-g-s,o-g-s_r_ww,r,ww,1.2
2010,p115,coal-new,coal-new_r_ww,r,ww,565.0
2010,p117,coal-new,coal-new_r_ww,r,ww,800.0
2010,p12,geothermal,geothermal,n,fsa,15.6
2010,p122,lfill-gas,lfill-gas_r_ww,r,ww,11.2
2010,p123,coal-new,coal-new_r_ww,r,ww,638.0
2010,p123,gas-CT,gas-CT,n,ww,4.3
2010,p125,lfill-gas,lfill-gas_r_ww,r,ww,1.0
2010,p126,gas-CT,gas-CT,n,ww,7.1
2010,p127,gas-CC,gas-CC_r_ww,r,ww,591.0
2010,p127,gas-CT,gas-CT,n,ww,20.400000000000002
2010,p127,lfill-gas,lfill-gas_r_ww,r,ww,10.399999999999999
2010,p128,gas-CT,gas-CT,n,ww,2.5
2010,p129,gas-CT,gas-CT,n,ww,47.7
2010,p131,lfill-gas,lfill-gas_r_ww,r,ww,2.0
2010,p131,o-g-s,o-g-s_r_ww,r,ww,2.8
2010,p132,gas-CC,gas-CC_r_ww,r,ww,12.0
2010,p132,gas-CT,gas-CT,n,ww,227.0
2010,p15,hydro,hydro,n,ww,16.0
2010,p21,hydro,hydro,n,ww,0.8999999999999999
2010,p23,coal-new,CoalOldScr_r_ww,r,ww,100.0
2010,p24,coal-new,CoalOldScr_r_ww,r,ww,220.0
2010,p25,gas-CT,gas-CT,n,ww,42.699999999999996
2010,p28,lfill-gas,lfill-gas_r_ww,r,ww,2.8
2010,p34,coal-new,CoalOldScr_r_ww,r,ww,750.0
2010,p35,gas-CT,gas-CT,n,ww,90.8
2010,p40,gas-CT,gas-CT,n,ww,3.0
2010,p43,gas-CT,gas-CT,n,ww,11.5
2010,p43,lfill-gas,lfill-gas_r_ww,r,ww,5.8
2010,p5,gas-CC,gas-CC_r_ww,r,ww,5.7
2010,p5,hydro,hydro,n,ww,3.3
2010,p5,lfill-gas,lfill-gas_r_ww,r,ww,4.8
2010,p50,gas-CT,gas-CT,n,ww,5.0
2010,p53,lfill-gas,lfill-gas_r_ww,r,ww,7.1
2010,p54,coal-new,coal-new_r_ww,r,ww,882.0
2010,p56,gas-CT,gas-CT,n,ww,40.0
2010,p56,lfill-gas,lfill-gas_r_ww,r,ww,4.0
2010,p58,coal-new,CoalOldScr_r_ww,r,ww,626.0
2010,p58,gas-CC,gas-CC_r_ww,r,ww,507.0
2010,p58,gas-CT,gas-CT,n,ww,1.8
2010,p61,battery_4,battery_4,n,fsu,4.0
2010,p63,coal-new,coal-new_r_ww,r,ww,855.0
2010,p63,gas-CC,gas-CC_r_ww,r,ww,200.0
2010,p63,gas-CT,gas-CT,n,ww,24.599999999999998
2010,p63,lfill-gas,lfill-gas_r_ww,r,ww,4.800000000000001
2010,p64,gas-CC,gas-CC_r_ww,r,ww,33.0
2010,p64,gas-CT,gas-CT,n,ww,317.7
2010,p64,lfill-gas,lfill-gas_r_ww,r,ww,3.2
2010,p65,coal-new,coal-new_r_ww,r,ww,785.0
2010,p65,gas-CC,gas-CC_r_ww,r,ww,628.0
2010,p65,gas-CT,gas-CT,n,ww,392.5999999999997
2010,p67,gas-CT,gas-CT,n,ww,48.0
2010,p70,gas-CT,gas-CT,n,ww,2.8
2010,p72,coal-new,coal-new_r_ww,r,ww,974.0
2010,p76,lfill-gas,lfill-gas_r_ww,r,ww,1.4
2010,p77,coal-new,CoalOldScr_r_ww,r,ww,308.0
2010,p79,coal-new,coal-new_r_ww,r,ww,633.0
2010,p79,lfill-gas,lfill-gas_r_ww,r,ww,2.9
2010,p8,gas-CT,gas-CT,n,ww,5.0
2010,p80,gas-CT,gas-CT,n,ww,6.0
2010,p80,lfill-gas,lfill-gas_r_ww,r,ww,3.2
2010,p81,coal-new,CoalOldScr_r_ww,r,ww,621.0
2010,p81,hydro,hydro,n,ww,0.6
2010,p85,coal-new,CoalOldScr_r_ww,r,ww,680.0
2010,p89,coal-new,coal-new_r_ww,r,ww,2226.0
2010,p89,lfill-gas,lfill-gas_r_ww,r,ww,0.8
2010,p9,gas-CC,gas-CC_r_ww,r,ww,640.0
2010,p9,gas-CT,gas-CT,n,ww,147.1
2010,p9,lfill-gas,lfill-gas_r_ww,r,ww,1.4
2010,p9,o-g-s,o-g-s_r_ww,r,ww,2.6
2010,p90,coal-new,coal-new_r_ww,r,ww,756.0
2010,p90,gas-CC,gas-CC_r_ww,r,ww,752.7
2010,p90,gas-CT,gas-CT,n,ww,350.0
2010,p91,lfill-gas,lfill-gas_r_ww,r,ww,3.0
2010,p92,coal-new,coal-new_r_ww,r,ww,1398.0
2010,p92,gas-CC,gas-CC_r_ww,r,ww,525.0
2010,p93,gas-CT,gas-CT,n,ww,110.0
2010,p94,biopower,biopower_r_fg,r,fg,18.0
2010,p94,coal-new,coal-new_r_ww,r,ww,724.0
2010,p96,coal-new,coal-new_r_ww,r,ww,1289.0
2010,p96,gas-CT,gas-CT,n,ww,20.0
2010,p96,lfill-gas,lfill-gas_r_ww,r,ww,4.0
2010,p97,coal-new,coal-new_r_ww,r,ww,544.0
2010,p97,gas-CT,gas-CT,n,ww,24.0
2010,p97,lfill-gas,lfill-gas_r_ww,r,ww,1.6
2010,p98,lfill-gas,lfill-gas_r_ww,r,ww,4.4
2010,p99,lfill-gas,lfill-gas_r_ww,r,ww,12.000000000000007
2011,p1,hydro,hydro,n,ww,7.9
2011,p10,gas-CT,gas-CT,n,ww,293.10000000000053
2011,p101,gas-CC,gas-CC_r_ww,r,ww,290.0
2011,p101,gas-CT,gas-CT,n,ww,296.0
2011,p101,lfill-gas,lfill-gas_r_ww,r,ww,6.800000000000001
2011,p102,gas-CC,gas-CC_r_ww,r,ww,1259.0
2011,p103,lfill-gas,lfill-gas_r_ww,r,ww,6.4
2011,p105,gas-CT,gas-CT,n,ww,1.7000000000000002
2011,p109,coal-new,coal-new_r_ww,r,ww,732.0
2011,p11,lfill-gas,lfill-gas_r_ww,r,ww,2.4
2011,p11,o-g-s,o-g-s_r_ww,r,ww,2.8
2011,p111,lfill-gas,lfill-gas_r_ww,r,ww,2.8
2011,p112,coal-new,coal-new_r_ww,r,ww,576.0
2011,p112,lfill-gas,lfill-gas_r_ww,r,ww,5.6
2011,p116,battery_4,battery_4,n,fsu,16.0
2011,p116,coal-new,coal-new_r_ww,r,ww,700.0
2011,p117,coal-new,coal-new_r_ww,r,ww,800.0
2011,p119,gas-CT,gas-CT,n,ww,7.4
2011,p12,geothermal,geothermal,n,fsa,1.3
2011,p122,gas-CC,gas-CC_r_ww,r,ww,642.7
2011,p122,gas-CT,gas-CT,n,ww,1.1
2011,p122,hydro,hydro,n,ww,2.4
2011,p122,lfill-gas,lfill-gas_r_ww,r,ww,7.5
2011,p126,gas-CT,gas-CT,n,ww,3.9
2011,p126,lfill-gas,lfill-gas_r_ww,r,ww,12.1
2011,p127,battery_4,battery_4,n,fsu,20.0
2011,p127,gas-CC,gas-CC_r_ww,r,ww,540.0
2011,p127,gas-CT,gas-CT,n,ww,31.700000000000003
2011,p127,hydro,hydro,n,ww,3.0
2011,p127,lfill-gas,lfill-gas_r_ww,r,ww,4.800000000000001
2011,p127,o-g-s,o-g-s_r_ww,r,ww,13.799999999999999
2011,p13,gas-CC,gas-CC_r_ww,r,ww,510.0
2011,p130,coal-new,coal-new_r_ww,r,ww,438.0
2011,p131,gas-CT,gas-CT,n,ww,9.2
2011,p131,lfill-gas,lfill-gas_r_ww,r,ww,3.3
2011,p132,gas-CC,gas-CC_r_ww,r,ww,622.0
2011,p132,gas-CT,gas-CT,n,ww,197.9
2011,p134,hydro,hydro,n,ww,1.4
2011,p17,gas-CT,gas-CT,n,ww,132.3
2011,p18,hydro,hydro,n,ww,13.0
2011,p2,lfill-gas,lfill-gas_r_ww,r,ww,26.0
2011,p21,coal-new,coal-new_r_ww,r,ww,201.0
2011,p23,coal-new,CoalOldScr_r_ww,r,ww,380.0
2011,p28,gas-CT,gas-CT,n,ww,520.7999999999998
2011,p29,coal-new,coal-new_r_ww,r,ww,382.0
2011,p31,battery_4,battery_4,n,fsu,0.8
2011,p31,hydro,hydro,n,ww,3.0
2011,p33,lfill-gas,lfill-gas_r_ww,r,ww,3.1
2011,p36,coal-new,coal-new_r_ww,r,ww,237.0
2011,p4,hydro,hydro,n,ww,122.0
2011,p40,coal-new,CoalOldScr_r_ww,r,ww,232.0
2011,p42,gas-CT,gas-CT,n,ww,10.0
2011,p43,gas-CT,gas-CT,n,ww,10.5
2011,p43,hydro,hydro,n,ww,9.599999999999998
2011,p43,lfill-gas,lfill-gas_r_ww,r,ww,1.5
2011,p48,gas-CT,gas-CT,n,ww,329.8000000000001
2011,p5,biopower,biopower_r_fg,r,fg,19.8
2011,p51,gas-CC,gas-CC_r_ww,r,ww,444.0
2011,p51,lfill-gas,lfill-gas_r_ww,r,ww,1.4
2011,p53,gas-CT,gas-CT,n,ww,1.9
2011,p54,lfill-gas,lfill-gas_r_ww,r,ww,1.6
2011,p55,coal-new,CoalOldScr_r_ww,r,ww,275.0
2011,p58,gas-CT,gas-CT,n,ww,62.8
2011,p59,gas-CC,gas-CC_r_ww,r,ww,138.0
2011,p6,lfill-gas,lfill-gas_r_ww,r,ww,1.6
2011,p63,gas-CC,gas-CC_r_ww,r,ww,620.5
2011,p63,lfill-gas,lfill-gas_r_ww,r,ww,7.4
2011,p64,coal-new,coal-new_r_ww,r,ww,1180.0
2011,p64,gas-CC,gas-CC_r_ww,r,ww,43.4
2011,p65,gas-CT,gas-CT,n,ww,1.4
2011,p70,gas-CT,gas-CT,n,ww,17.799999999999997
2011,p72,gas-CT,gas-CT,n,ww,5.6
2011,p76,gas-CT,gas-CT,n,ww,53.3
2011,p78,gas-CT,gas-CT,n,ww,2.0
2011,p78,lfill-gas,lfill-gas_r_ww,r,ww,1.6
2011,p79,coal-new,coal-new_r_ww,r,ww,633.0
2011,p80,gas-CT,gas-CT,n,ww,23.299999999999997
2011,p80,lfill-gas,lfill-gas_r_ww,r,ww,9.6
2011,p81,coal-new,CoalOldScr_r_ww,r,ww,576.0
2011,p81,coal-new,coal-new_r_ww,r,ww,815.0
2011,p89,biopower,biopower_r_fg,r,fg,8.2
2011,p89,coal-new,coal-new_r_ww,r,ww,688.0
2011,p89,lfill-gas,lfill-gas_r_ww,r,ww,0.8
2011,p9,gas-CC,gas-CC_r_ww,r,ww,41.0
2011,p9,gas-CT,gas-CT,n,ww,112.70000000000003
2011,p9,o-g-s,o-g-s_r_ww,r,ww,6.0
2011,p92,lfill-gas,lfill-gas_r_ww,r,ww,2.5
2011,p94,coal-new,coal-new_r_ww,r,ww,860.0
2011,p94,gas-CC,gas-CC_r_ww,r,ww,821.0
2011,p94,lfill-gas,lfill-gas_r_ww,r,ww,6.800000000000001
2011,p95,gas-CT,gas-CT,n,ww,7.2
2011,p95,lfill-gas,lfill-gas_r_ww,r,ww,1.6
2011,p96,lfill-gas,lfill-gas_r_ww,r,ww,3.0
2011,p97,gas-CC,gas-CC_r_ww,r,ww,668.0
2011,p97,hydro,hydro,n,ww,1.5
2011,p97,lfill-gas,lfill-gas_r_ww,r,ww,6.6
2011,p98,gas-CC,gas-CC_r_ww,r,ww,597.0
2011,p98,lfill-gas,lfill-gas_r_ww,r,ww,9.799999999999999
2011,p99,coal-new,coal-new_r_ww,r,ww,336.0
2011,p99,gas-CC,gas-CC_r_ww,r,ww,622.0
2011,p99,lfill-gas,lfill-gas_r_ww,r,ww,2.9
2012,p10,battery_4,battery_4,n,fsu,1.0
2012,p10,gas-CC,gas-CC_r_ww,r,ww,142.0
2012,p10,gas-CT,gas-CT,n,ww,67.4
2012,p10,geothermal,geothermal,n,fsa,49.9
2012,p10,lfill-gas,lfill-gas_r_ww,r,ww,38.20000000000002
2012,p10,o-g-s,o-g-s_r_ww,r,ww,5.0
2012,p101,gas-CT,gas-CT,n,ww,2.5
2012,p103,lfill-gas,lfill-gas_r_ww,r,ww,22.2
2012,p105,lfill-gas,lfill-gas_r_ww,r,ww,4.300000000000001
2012,p11,battery_4,battery_4,n,fsu,1.0
2012,p11,o-g-s,o-g-s_r_ww,r,ww,2.4
2012,p111,gas-CC,gas-CC_r_ww,r,ww,670.3000000000001
2012,p111,lfill-gas,lfill-gas_r_ww,r,ww,19.2
2012,p112,coal-new,coal-new_r_ww,r,ww,1006.0
2012,p112,gas-CC,gas-CC_r_ww,r,ww,540.0
2012,p118,coal-new,CoalOldScr_r_ww,r,ww,610.0
2012,p118,lfill-gas,lfill-gas_r_ww,r,ww,1.0
2012,p12,geothermal,geothermal,n,fsa,64.5
2012,p12,lfill-gas,lfill-gas_r_ww,r,ww,3.2
2012,p122,lfill-gas,lfill-gas_r_ww,r,ww,15.4
2012,p123,lfill-gas,lfill-gas_r_ww,r,ww,4.0
2012,p125,coal-new,CoalOldScr_r_ww,r,ww,410.0
2012,p125,gas-CT,gas-CT,n,ww,50.0
2012,p125,o-g-s,o-g-s_r_ww,r,ww,8.8
2012,p126,gas-CT,gas-CT,n,ww,811.5
2012,p127,gas-CT,gas-CT,n,ww,3.0
2012,p127,hydro,hydro,n,ww,4.0
2012,p127,lfill-gas,lfill-gas_r_ww,r,ww,6.4
2012,p13,lfill-gas,lfill-gas_r_ww,r,ww,6.6
2012,p132,gas-CC,gas-CC_r_ww,r,ww,13.0
2012,p132,gas-CT,gas-CT,n,ww,129.0
2012,p132,o-g-s,o-g-s_r_ww,r,ww,1.4
2012,p14,lfill-gas,lfill-gas_r_ww,r,ww,3.2
2012,p15,gas-CC,gas-CC_r_ww,r,ww,299.7
2012,p21,coal-new,coal-new_r_ww,r,ww,156.0
2012,p24,coal-new,CoalOldScr_r_ww,r,ww,330.0
2012,p25,gas-CT,gas-CT,n,ww,23.0
2012,p28,lfill-gas,lfill-gas_r_ww,r,ww,3.2
2012,p29,coal-new,coal-new_r_ww,r,ww,380.0
2012,p31,battery_4,battery_4,n,fsu,1.8
2012,p33,hydro,hydro,n,ww,3.1
2012,p34,gas-CC,gas-CC_r_ww,r,ww,188.0
2012,p34,gas-CT,gas-CT,n,ww,180.0
2012,p36,gas-CT,gas-CT,n,ww,4.0
2012,p38,gas-CC,gas-CC_r_ww,r,ww,290.0
2012,p4,hydro,hydro,n,ww,244.0
2012,p43,gas-CT,gas-CT,n,ww,6.3
2012,p43,lfill-gas,lfill-gas_r_ww,r,ww,1.5
2012,p45,gas-CT,gas-CT,n,ww,6.8999999999999995
2012,p46,lfill-gas,lfill-gas_r_ww,r,ww,1.1
2012,p47,gas-CT,gas-CT,n,ww,43.5
2012,p48,gas-CT,gas-CT,n,ww,3.0
2012,p5,gas-CC,gas-CC_r_ww,r,ww,9.0
2012,p50,gas-CT,gas-CT,n,ww,2.5
2012,p53,coal-new,coal-new_r_ww,r,ww,484.0
2012,p53,hydro,hydro,n,ww,4.6
2012,p54,battery_4,battery_4,n,fsu,1.0
2012,p6,hydro,hydro,n,ww,1.1
2012,p62,battery_4,battery_4,n,fsu,36.0
2012,p64,battery_4,battery_4,n,fsu,5.0
2012,p65,o-g-s,o-g-s_r_ww,r,ww,286.0
2012,p66,biopower,biopower_r_fg,r,fg,100.0
2012,p66,gas-CT,gas-CT,n,ww,32.8
2012,p7,geothermal,geothermal,n,fsa,17.700000000000003
2012,p70,gas-CT,gas-CT,n,ww,6.3
2012,p78,lfill-gas,lfill-gas_r_ww,r,ww,0.8
2012,p78,o-g-s,o-g-s_r_ww,r,ww,1.9
2012,p79,coal-new,coal-new_r_ww,r,ww,1098.0
2012,p80,lfill-gas,lfill-gas_r_ww,r,ww,8.0
2012,p81,coal-new,CoalOldScr_r_ww,r,ww,581.0
2012,p81,coal-new,coal-new_r_ww,r,ww,815.0
2012,p81,gas-CT,gas-CT,n,ww,6.6
2012,p83,gas-CT,gas-CT,n,ww,10.899999999999999
2012,p85,coal-new,CoalOldScr_r_ww,r,ww,609.0
2012,p87,gas-CC,gas-CC_r_ww,r,ww,150.0
2012,p88,lfill-gas,lfill-gas_r_ww,r,ww,1.6
2012,p9,battery_4,battery_4,n,fsu,2.0
2012,p9,biopower,biopower_r_fg,r,fg,17.8
2012,p9,gas-CC,gas-CC_r_ww,r,ww,425.7
2012,p9,gas-CT,gas-CT,n,ww,349.6
2012,p9,hydro,hydro,n,ww,6.8
2012,p9,lfill-gas,lfill-gas_r_ww,r,ww,2.4000000000000004
2012,p9,o-g-s,o-g-s_r_ww,r,ww,4.4
2012,p92,gas-CC,gas-CC_r_ww,r,ww,878.0
2012,p92,lfill-gas,lfill-gas_r_ww,r,ww,4.800000000000001
2012,p93,coal-new,CoalOldScr_r_ww,r,ww,341.0
2012,p94,coal-new,coal-new_r_ww,r,ww,860.0
2012,p94,gas-CC,gas-CC_r_ww,r,ww,1649.0
2012,p94,lfill-gas,lfill-gas_r_ww,r,ww,6.6000000000000005
2012,p96,biopower,biopower_r_fg,r,fg,19.0
2012,p97,coal-new,coal-new_r_ww,r,ww,844.0
2012,p97,gas-CC,gas-CC_r_ww,r,ww,662.0
2012,p97,gas-CT,gas-CT,n,ww,741.8
2012,p97,hydro,hydro,n,ww,84.0
2012,p97,lfill-gas,lfill-gas_r_ww,r,ww,12.6
2012,p98,gas-CC,gas-CC_r_ww,r,ww,888.0
2012,p98,gas-CT,gas-CT,n,ww,9.4
2012,p98,hydro,hydro,n,ww,4.4
2012,p98,lfill-gas,lfill-gas_r_ww,r,ww,1.0
2012,p99,lfill-gas,lfill-gas_r_ww,r,ww,6.4
2013,p1,hydro,hydro,n,ww,49.1
2013,p1,lfill-gas,lfill-gas_r_ww,r,ww,4.5
2013,p10,gas-CC,gas-CC_r_ww,r,ww,555.9
2013,p10,gas-CT,gas-CT,n,ww,1920.8000000000002
2013,p10,o-g-s,o-g-s_r_ww,r,ww,7.0
2013,p101,biopower,biopower_r_fg,r,fg,102.0
2013,p101,lfill-gas,lfill-gas_r_ww,r,ww,1.6
2013,p102,gas-CC,gas-CC_r_ww,r,ww,1290.0
2013,p102,gas-CT,gas-CT,n,ww,0.1
2013,p103,coal-new,coal-new_r_ww,r,ww,758.0
2013,p103,gas-CC,gas-CC_r_ww,r,ww,74.9
2013,p103,gas-CT,gas-CT,n,ww,3.4
2013,p104,lfill-gas,lfill-gas_r_ww,r,ww,3.2
2013,p105,coal-new,coal-new_r_ww,r,ww,431.0
2013,p107,coal-IGCC,coal-IGCC_r_fg,r,fg,595.0
2013,p107,coal-new,coal-new_r_ww,r,ww,1176.0
2013,p109,lfill-gas,lfill-gas_r_ww,r,ww,1.2
2013,p11,lfill-gas,lfill-gas_r_ww,r,ww,4.4
2013,p111,lfill-gas,lfill-gas_r_ww,r,ww,7.999999999999999
2013,p115,hydro,hydro,n,ww,6.7
2013,p118,lfill-gas,lfill-gas_r_ww,r,ww,5.399999999999999
2013,p12,geothermal,geothermal,n,fsa,30.0
2013,p120,lfill-gas,lfill-gas_r_ww,r,ww,6.4
2013,p122,battery_4,battery_4,n,fsu,20.0
2013,p122,biopower,biopower_r_fg,r,fg,2.5
2013,p122,gas-CT,gas-CT,n,ww,67.8
2013,p122,hydro,hydro,n,ww,129.2
2013,p122,lfill-gas,lfill-gas_r_ww,r,ww,6.4
2013,p125,lfill-gas,lfill-gas_r_ww,r,ww,2.2
2013,p125,o-g-s,o-g-s_r_ww,r,ww,21.2
2013,p126,gas-CT,gas-CT,n,ww,5.4
2013,p126,lfill-gas,lfill-gas_r_ww,r,ww,2.1
2013,p127,biopower,biopower_r_fg,r,fg,54.900000000000006
2013,p127,gas-CT,gas-CT,n,ww,2.4
2013,p127,hydro,hydro,n,ww,3.3
2013,p127,lfill-gas,lfill-gas_r_ww,r,ww,6.4
2013,p130,biopower,biopower_r_fg,r,fg,68.0
2013,p131,gas-CT,gas-CT,n,ww,0.4
2013,p131,o-g-s,o-g-s_r_ww,r,ww,0.3
2013,p132,biopower,biopower_r_fg,r,fg,38.0
2013,p132,o-g-s,o-g-s_r_ww,r,ww,14.1
2013,p133,lfill-gas,lfill-gas_r_ww,r,ww,30.9
2013,p134,hydro,hydro,n,ww,6.3
2013,p15,hydro,hydro,n,ww,1.1
2013,p17,biopower,biopower_r_fg,r,fg,3.0
2013,p17,hydro,hydro,n,ww,2.0
2013,p18,hydro,hydro,n,ww,64.0
2013,p2,biopower,biopower_r_fg,r,fg,20.0
2013,p2,hydro,hydro,n,ww,3.6
2013,p25,geothermal,geothermal,n,fsa,39.0
2013,p25,o-g-s,o-g-s_r_ww,r,ww,6.0
2013,p31,gas-CT,gas-CT,n,ww,87.9
2013,p31,geothermal,geothermal,n,fsa,1.6
2013,p33,biopower,biopower_r_fg,r,fg,12.6
2013,p33,hydro,hydro,n,ww,5.0
2013,p34,hydro,hydro,n,ww,7.1
2013,p36,coal-new,coal-new_r_ww,r,ww,667.0
2013,p36,gas-CT,gas-CT,n,ww,80.0
2013,p38,gas-CT,gas-CT,n,ww,52.0
2013,p4,hydro,hydro,n,ww,122.0
2013,p43,gas-CT,gas-CT,n,ww,9.3
2013,p44,battery_4,battery_4,n,fsu,1.0
2013,p44,hydro,hydro,n,ww,0.5
2013,p45,coal-new,CoalOldScr_r_ww,r,ww,645.0
2013,p45,gas-CT,gas-CT,n,ww,11.6
2013,p47,gas-CT,gas-CT,n,ww,17.0
2013,p48,gas-CT,gas-CT,n,ww,324.0
2013,p5,battery_4,battery_4,n,fsu,5.0
2013,p51,lfill-gas,lfill-gas_r_ww,r,ww,1.4
2013,p53,lfill-gas,lfill-gas_r_ww,r,ww,1.9
2013,p56,gas-CT,gas-CT,n,ww,20.0
2013,p63,coal-new,CoalOldScr_r_ww,r,ww,933.0
2013,p67,gas-CT,gas-CT,n,ww,74.0
2013,p69,gas-CT,gas-CT,n,ww,1.8
2013,p71,gas-CT,gas-CT,n,ww,3.4
2013,p72,lfill-gas,lfill-gas_r_ww,r,ww,1.0
2013,p75,biopower,biopower_r_fg,r,fg,46.0
2013,p78,gas-CT,gas-CT,n,ww,34.5
2013,p78,o-g-s,o-g-s_r_ww,r,ww,7.6
2013,p80,battery_4,battery_4,n,fsu,1.5
2013,p81,gas-CT,gas-CT,n,ww,1.1
2013,p89,lfill-gas,lfill-gas_r_ww,r,ww,4.800000000000001
2013,p9,battery_4,battery_4,n,fsu,6.0
2013,p9,gas-CC,gas-CC_r_ww,r,ww,741.1
2013,p9,gas-CT,gas-CT,n,ww,765.2
2013,p9,lfill-gas,lfill-gas_r_ww,r,ww,7.9
2013,p9,o-g-s,o-g-s_r_ww,r,ww,2.0
2013,p92,lfill-gas,lfill-gas_r_ww,r,ww,1.9
2013,p94,biopower,biopower_r_fg,r,fg,95.0
2013,p94,coal-new,coal-new_r_ww,r,ww,860.0
2013,p94,gas-CT,gas-CT,n,ww,4.0
2013,p94,lfill-gas,lfill-gas_r_ww,r,ww,4.800000000000001
2013,p95,gas-CT,gas-CT,n,ww,1.0
2013,p95,hydro,hydro,n,ww,1.1
2013,p96,biopower,biopower_r_fg,r,fg,40.0
2013,p97,gas-CT,gas-CT,n,ww,5.3
2013,p97,hydro,hydro,n,ww,28.0
2013,p97,lfill-gas,lfill-gas_r_ww,r,ww,6.7
2013,p98,gas-CC,gas-CC_r_ww,r,ww,607.0
2013,p98,gas-CT,gas-CT,n,ww,65.69999999999999
2013,p98,lfill-gas,lfill-gas_r_ww,r,ww,8.299999999999997
2013,p99,biopower,biopower_r_fg,r,fg,81.0
2013,p99,lfill-gas,lfill-gas_r_ww,r,ww,4.800000000000001
2014,p10,gas-CT,gas-CT,n,ww,9.2
2014,p10,lfill-gas,lfill-gas_r_ww,r,ww,20.0
2014,p10,o-g-s,o-g-s_r_ww,r,ww,2.0
2014,p100,gas-CC,gas-CC_r_ww,r,ww,1472.2
2014,p102,gas-CC,gas-CC_r_ww,r,ww,1290.0
2014,p103,coal-new,coal-new_r_ww,r,ww,773.0
2014,p103,lfill-gas,lfill-gas_r_ww,r,ww,3.0
2014,p105,coal-new,coal-new_r_ww,r,ww,472.0
2014,p105,lfill-gas,lfill-gas_r_ww,r,ww,5.699999999999999
2014,p109,coal-new,coal-new_r_ww,r,ww,477.0
2014,p11,battery_4,battery_4,n,fsu,2.0
2014,p11,gas-CT,gas-CT,n,ww,45.0
2014,p111,lfill-gas,lfill-gas_r_ww,r,ww,0.8
2014,p112,battery_4,battery_4,n,fsu,4.0
2014,p12,geothermal,geothermal,n,fsa,11.5
2014,p122,gas-CT,gas-CT,n,ww,1.0
2014,p123,gas-CC,gas-CC_r_ww,r,ww,24.5
2014,p123,gas-CT,gas-CT,n,ww,4.6
2014,p125,lfill-gas,lfill-gas_r_ww,r,ww,2.0
2014,p126,gas-CC,gas-CC_r_ww,r,ww,738.9
2014,p127,gas-CT,gas-CT,n,ww,0.8
2014,p132,gas-CT,gas-CT,n,ww,10.0
2014,p132,o-g-s,o-g-s_r_ww,r,ww,2.4
2014,p16,hydro,hydro,n,ww,3.5999999999999996
2014,p16,lfill-gas,lfill-gas_r_ww,r,ww,1.4
2014,p24,gas-CC,gas-CC_r_ww,r,ww,94.0
2014,p24,gas-CT,gas-CT,n,ww,37.0
2014,p25,gas-CC,gas-CC_r_ww,r,ww,629.0
2014,p33,coal-new,CoalOldScr_r_ww,r,ww,505.0
2014,p34,hydro,hydro,n,ww,8.0
2014,p36,gas-CT,gas-CT,n,ww,168.0
2014,p37,coal-new,CoalOldScr_r_ww,r,ww,92.0
2014,p4,hydro,hydro,n,ww,122.0
2014,p40,coal-new,CoalOldScr_r_ww,r,ww,100.0
2014,p41,lfill-gas,lfill-gas_r_ww,r,ww,4.800000000000001
2014,p43,gas-CT,gas-CT,n,ww,0.9
2014,p45,coal-new,CoalOldScr_r_ww,r,ww,515.0
2014,p5,gas-CT,gas-CT,n,ww,205.69999999999996
2014,p5,hydro,hydro,n,ww,7.5
2014,p5,lfill-gas,lfill-gas_r_ww,r,ww,6.4
2014,p52,gas-CT,gas-CT,n,ww,126.60000000000002
2014,p53,gas-CT,gas-CT,n,ww,2.8
2014,p58,gas-CC,gas-CC_r_ww,r,ww,560.1
2014,p58,gas-CT,gas-CT,n,ww,1.8
2014,p63,gas-CC,gas-CC_r_ww,r,ww,1451.0
2014,p64,gas-CC,gas-CC_r_ww,r,ww,516.0
2014,p65,lfill-gas,lfill-gas_r_ww,r,ww,4.4
2014,p67,gas-CC,gas-CC_r_ww,r,ww,337.8
2014,p67,gas-CT,gas-CT,n,ww,75.0
2014,p68,gas-CT,gas-CT,n,ww,26.0
2014,p69,gas-CT,gas-CT,n,ww,1.0
2014,p70,coal-new,CoalOldScr_r_ww,r,ww,725.0
2014,p70,gas-CT,gas-CT,n,ww,8.0
2014,p70,lfill-gas,lfill-gas_r_ww,r,ww,4.800000000000001
2014,p76,coal-new,CoalOldScr_r_ww,r,ww,1145.0
2014,p76,hydro,hydro,n,ww,8.0
2014,p80,battery_4,battery_4,n,fsu,20.0
2014,p80,gas-CT,gas-CT,n,ww,5.4
2014,p81,gas-CT,gas-CT,n,ww,2.5
2014,p84,lfill-gas,lfill-gas_r_ww,r,ww,3.8
2014,p88,gas-CC,gas-CC_r_ww,r,ww,675.5
2014,p9,biopower,biopower_r_fg,r,fg,45.0
2014,p9,gas-CT,gas-CT,n,ww,18.400000000000002
2014,p9,hydro,hydro,n,ww,1.5
2014,p9,lfill-gas,lfill-gas_r_ww,r,ww,12.6
2014,p9,o-g-s,o-g-s_r_ww,r,ww,3.0
2014,p94,biopower,biopower_r_fg,r,fg,4.4
2014,p94,coal-new,coal-new_r_ww,r,ww,860.0
2014,p94,lfill-gas,lfill-gas_r_ww,r,ww,1.6
2014,p96,gas-CT,gas-CT,n,ww,2.0
2014,p97,lfill-gas,lfill-gas_r_ww,r,ww,1.9
2014,p98,gas-CT,gas-CT,n,ww,1.2
2014,p98,lfill-gas,lfill-gas_r_ww,r,ww,12.7
2015,p1,battery_4,battery_4,n,fsu,1.0
2015,p10,battery_4,battery_4,n,fsu,2.0
2015,p10,gas-CC,gas-CC_r_ww,r,ww,311.0
2015,p10,gas-CT,gas-CT,n,ww,212.39999999999998
2015,p10,o-g-s,o-g-s_r_ww,r,ww,1.4
2015,p100,gas-CT,gas-CT,n,ww,15.0
2015,p101,lfill-gas,lfill-gas_r_ww,r,ww,4.800000000000001
2015,p102,lfill-gas,lfill-gas_r_ww,r,ww,84.0
2015,p103,gas-CT,gas-CT,n,ww,12.899999999999999
2015,p109,coal-new,coal-new_r_ww,r,ww,597.0
2015,p109,gas-CC,gas-CC_r_ww,r,ww,663.0
2015,p109,lfill-gas,lfill-gas_r_ww,r,ww,1.0
2015,p11,battery_4,battery_4,n,fsu,3.5
2015,p114,battery_4,battery_4,n,fsu,4.0
2015,p116,battery_4,battery_4,n,fsu,31.5
2015,p118,lfill-gas,lfill-gas_r_ww,r,ww,1.8
2015,p12,geothermal,geothermal,n,fsa,48.2
2015,p121,battery_4,battery_4,n,fsu,5.0
2015,p122,battery_4,battery_4,n,fsu,18.0
2015,p122,gas-CT,gas-CT,n,ww,21.0
2015,p123,gas-CT,gas-CT,n,ww,109.8
2015,p125,gas-CC,gas-CC_r_ww,r,ww,316.0
2015,p126,battery_4,battery_4,n,fsu,1.0
2015,p126,gas-CC,gas-CC_r_ww,r,ww,1434.3
2015,p126,gas-CT,gas-CT,n,ww,59.0
2015,p127,gas-CT,gas-CT,n,ww,5.5
2015,p127,o-g-s,o-g-s_r_ww,r,ww,2.2
2015,p129,battery_4,battery_4,n,fsu,2.0
2015,p131,gas-CT,gas-CT,n,ww,11.1
2015,p132,gas-CT,gas-CT,n,ww,2.6
2015,p132,o-g-s,o-g-s_r_ww,r,ww,6.4
2015,p133,gas-CT,gas-CT,n,ww,2.0
2015,p15,hydro,hydro,n,ww,1.2
2015,p16,gas-CT,gas-CT,n,ww,4.6
2015,p21,gas-CT,gas-CT,n,ww,7.0
2015,p25,o-g-s,o-g-s_r_ww,r,ww,3.8
2015,p26,gas-CT,gas-CT,n,ww,4.199999999999999
2015,p31,gas-CT,gas-CT,n,ww,41.0
2015,p33,gas-CC,gas-CC_r_ww,r,ww,576.0
2015,p34,hydro,hydro,n,ww,7.3
2015,p36,gas-CT,gas-CT,n,ww,80.0
2015,p38,coal-new,CoalOldScr_r_ww,r,ww,474.0
2015,p4,hydro,hydro,n,ww,122.0
2015,p41,coal-new,coal-new_r_ww,r,ww,82.0
2015,p43,coal-new,CoalOldScr_r_ww,r,ww,584.0
2015,p48,gas-CT,gas-CT,n,ww,195.0
2015,p5,gas-CT,gas-CT,n,ww,18.7
2015,p5,hydro,hydro,n,ww,4.0
2015,p50,gas-CT,gas-CT,n,ww,122.0
2015,p53,coal-new,coal-new_r_ww,r,ww,1398.0
2015,p53,gas-CT,gas-CT,n,ww,2.5
2015,p59,gas-CT,gas-CT,n,ww,176.4
2015,p62,gas-CT,gas-CT,n,ww,300.0
2015,p63,gas-CC,gas-CC_r_ww,r,ww,734.0
2015,p63,hydro,hydro,n,ww,1.3
2015,p65,lfill-gas,lfill-gas_r_ww,r,ww,1.4
2015,p67,gas-CT,gas-CT,n,ww,225.0
2015,p68,gas-CT,gas-CT,n,ww,2.9000000000000004
2015,p69,coal-new,CoalOldScr_r_ww,r,ww,248.0
2015,p69,gas-CT,gas-CT,n,ww,8.3
2015,p7,geothermal,geothermal,n,fsa,1.8
2015,p73,gas-CT,gas-CT,n,ww,24.0
2015,p80,battery_4,battery_4,n,fsu,71.1
2015,p80,gas-CC,gas-CC_r_ww,r,ww,586.0
2015,p87,coal-new,coal-new_r_ww,r,ww,1004.0
2015,p9,biopower,biopower_r_fg,r,fg,27.0
2015,p9,gas-CT,gas-CT,n,ww,15.900000000000002
2015,p9,o-g-s,o-g-s_r_ww,r,ww,2.0
2015,p94,battery_4,battery_4,n,fsu,1.0
2015,p95,lfill-gas,lfill-gas_r_ww,r,ww,2.4
2015,p97,lfill-gas,lfill-gas_r_ww,r,ww,1.6
2015,p98,biopower,biopower_r_fg,r,fg,34.8
2015,p98,lfill-gas,lfill-gas_r_ww,r,ww,2.8
2016,p1,battery_4,battery_4,n,fsu,3.0
2016,p10,battery_4,battery_4,n,fsu,98.0
2016,p10,gas-CC,gas-CC_r_ww,r,ww,84.0
2016,p10,lfill-gas,lfill-gas_r_ww,r,ww,23.799999999999997
2016,p10,o-g-s,o-g-s_r_ww,r,ww,2.7
2016,p101,gas-CT,gas-CT,n,ww,483.3
2016,p102,gas-CC,gas-CC_r_ww,r,ww,1237.0
2016,p102,gas-CT,gas-CT,n,ww,1155.0
2016,p103,coal-new,CoalOldScr_r_ww,r,ww,838.0
2016,p103,gas-CT,gas-CT,n,ww,408.4
2016,p105,coal-new,CoalOldScr_r_ww,r,ww,469.0
2016,p106,battery_4,battery_4,n,fsu,20.0
2016,p108,hydro,hydro,n,ww,87.9
2016,p109,coal-new,coal-new_r_ww,r,ww,391.0
2016,p109,hydro,hydro,n,ww,105.0
2016,p109,lfill-gas,lfill-gas_r_ww,r,ww,2.5
2016,p11,battery_4,battery_4,n,fsu,2.0
2016,p11,gas-CT,gas-CT,n,ww,322.2
2016,p112,battery_4,battery_4,n,fsu,7.0
2016,p112,gas-CT,gas-CT,n,ww,3.6
2016,p113,battery_4,battery_4,n,fsu,10.0
2016,p114,battery_4,battery_4,n,fsu,6.0
2016,p116,hydro,hydro,n,ww,44.0
2016,p118,lfill-gas,lfill-gas_r_ww,r,ww,3.599999999999999
2016,p122,battery_4,battery_4,n,fsu,10.4
2016,p122,coal-new,CoalOldScr_r_ww,r,ww,1236.0
2016,p122,gas-CC,gas-CC_r_ww,r,ww,1521.0
2016,p122,gas-CT,gas-CT,n,ww,22.1
2016,p122,lfill-gas,lfill-gas_r_ww,r,ww,1.6
2016,p123,gas-CT,gas-CT,n,ww,14.4
2016,p126,battery_4,battery_4,n,fsu,0.5
2016,p126,gas-CC,gas-CC_r_ww,r,ww,26.8
2016,p127,gas-CT,gas-CT,n,ww,5.0
2016,p127,lfill-gas,lfill-gas_r_ww,r,ww,1.6
2016,p129,hydro,hydro,n,ww,2.4
2016,p130,lfill-gas,lfill-gas_r_ww,r,ww,1.5
2016,p131,gas-CT,gas-CT,n,ww,0.2
2016,p132,battery_4,battery_4,n,fsu,0.8
2016,p132,gas-CC,gas-CC_r_ww,r,ww,2.5
2016,p132,o-g-s,o-g-s_r_ww,r,ww,11.599999999999998
2016,p134,battery_4,battery_4,n,fsu,16.2
2016,p134,biopower,biopower_r_fg,r,fg,7.1
2016,p15,hydro,hydro,n,ww,1.3
2016,p25,gas-CT,gas-CT,n,ww,5.0
2016,p33,hydro,hydro,n,ww,1.2
2016,p34,gas-CT,gas-CT,n,ww,40.0
2016,p35,gas-CT,gas-CT,n,ww,18.2
2016,p37,gas-CT,gas-CT,n,ww,6.0
2016,p4,hydro,hydro,n,ww,122.0
2016,p45,gas-CT,gas-CT,n,ww,1.8
2016,p48,gas-CT,gas-CT,n,ww,390.0
2016,p5,gas-CC,gas-CC_r_ww,r,ww,413.0
2016,p50,gas-CT,gas-CT,n,ww,55.800000000000004
2016,p53,coal-new,CoalOldScr_r_ww,r,ww,240.0
2016,p53,gas-CC,gas-CC_r_ww,r,ww,117.0
2016,p53,gas-CT,gas-CT,n,ww,32.5
2016,p56,coal-new,CoalOldScr_r_ww,r,ww,528.0
2016,p56,gas-CT,gas-CT,n,ww,5.2
2016,p58,battery_4,battery_4,n,fsu,0.5
2016,p58,gas-CC,gas-CC_r_ww,r,ww,64.0
2016,p58,gas-CT,gas-CT,n,ww,60.2
2016,p59,gas-CT,gas-CT,n,ww,188.4
2016,p64,gas-CT,gas-CT,n,ww,49.8
2016,p65,battery_4,battery_4,n,fsu,203.0
2016,p65,gas-CT,gas-CT,n,ww,219.60000000000005
2016,p70,gas-CT,gas-CT,n,ww,35.5
2016,p75,hydro,hydro,n,ww,9.2
2016,p76,lfill-gas,lfill-gas_r_ww,r,ww,1.6
2016,p79,coal-new,CoalOldScr_r_ww,r,ww,416.0
2016,p80,battery_4,battery_4,n,fsu,19.8
2016,p80,gas-CT,gas-CT,n,ww,10.100000000000001
2016,p80,lfill-gas,lfill-gas_r_ww,r,ww,13.8
2016,p81,gas-CT,gas-CT,n,ww,42.0
2016,p86,gas-CT,gas-CT,n,ww,32.0
2016,p9,gas-CT,gas-CT,n,ww,3.6
2016,p9,lfill-gas,lfill-gas_r_ww,r,ww,9.2
2016,p9,o-g-s,o-g-s_r_ww,r,ww,2.7
2016,p92,coal-new,CoalOldScr_r_ww,r,ww,976.0
2016,p92,gas-CT,gas-CT,n,ww,52.0
2016,p92,nuclear,nuclear_r_ww,r,ww,1122.0
2016,p94,lfill-gas,lfill-gas_r_ww,r,ww,23.100000000000005
2016,p99,gas-CC,gas-CC_r_ww,r,ww,1371.1
2016,p99,gas-CT,gas-CT,n,ww,191.0
2017,p1,battery_4,battery_4,n,fsu,2.2
2017,p10,battery_4,battery_4,n,fsu,5.5
2017,p10,gas-CT,gas-CT,n,ww,32.3
2017,p10,o-g-s,o-g-s_r_ww,r,ww,8.0
2017,p101,gas-CC,gas-CC_r_ww,r,ww,461.0
2017,p101,gas-CT,gas-CT,n,ww,7.4
2017,p101,lfill-gas,lfill-gas_r_ww,r,ww,8.4
2017,p103,gas-CC,gas-CC_r_ww,r,ww,127.1
2017,p105,lfill-gas,lfill-gas_r_ww,r,ww,6.4
2017,p108,gas-CC,gas-CC_r_ww,r,ww,1100.0
2017,p11,battery_4,battery_4,n,fsu,39.5
2017,p111,gas-CC,gas-CC_r_ww,r,ww,847.6
2017,p111,gas-CT,gas-CT,n,ww,1.5
2017,p112,gas-CC,gas-CC_r_ww,r,ww,694.6
2017,p114,lfill-gas,lfill-gas_r_ww,r,ww,4.5
2017,p117,lfill-gas,lfill-gas_r_ww,r,ww,3.2
2017,p12,geothermal,geothermal,n,fsa,37.0
2017,p121,battery_4,battery_4,n,fsu,2.0
2017,p122,gas-CT,gas-CT,n,ww,46.8
2017,p122,o-g-s,o-g-s_r_ww,r,ww,13.5
2017,p123,gas-CC,gas-CC_r_ww,r,ww,726.0
2017,p127,battery_4,battery_4,n,fsu,1.0
2017,p127,gas-CT,gas-CT,n,ww,6.8
2017,p127,o-g-s,o-g-s_r_ww,r,ww,34.84
2017,p128,o-g-s,o-g-s_r_ww,r,ww,1.0
2017,p131,battery_4,battery_4,n,fsu,4.9
2017,p131,gas-CT,gas-CT,n,ww,14.8
2017,p131,o-g-s,o-g-s_r_ww,r,ww,2.8
2017,p132,battery_4,battery_4,n,fsu,0.8
2017,p30,battery_4,battery_4,n,fsu,20.0
2017,p33,battery_4,battery_4,n,fsu,1.0
2017,p34,coal-new,CoalOldScr_r_ww,r,ww,208.0
2017,p34,coal-new,coal-new_r_ww,r,ww,208.0
2017,p34,hydro,hydro,n,ww,2.4
2017,p36,gas-CT,gas-CT,n,ww,191.59999999999997
2017,p4,hydro,hydro,n,ww,122.0
2017,p43,gas-CT,gas-CT,n,ww,63.5
2017,p45,gas-CT,gas-CT,n,ww,4.3
2017,p50,gas-CT,gas-CT,n,ww,401.0
2017,p51,gas-CC,gas-CC_r_ww,r,ww,467.5
2017,p52,gas-CT,gas-CT,n,ww,6.0
2017,p53,gas-CT,gas-CT,n,ww,63.900000000000006
2017,p55,battery_4,battery_4,n,fsu,1.2
2017,p60,battery_4,battery_4,n,fsu,32.0
2017,p61,gas-CT,gas-CT,n,ww,0.5
2017,p63,gas-CC,gas-CC_r_ww,r,ww,1064.0
2017,p65,gas-CC,gas-CC_r_ww,r,ww,1087.8
2017,p65,gas-CT,gas-CT,n,ww,90.0
2017,p67,gas-CT,gas-CT,n,ww,90.0
2017,p70,gas-CC,gas-CC_r_ww,r,ww,648.8
2017,p74,gas-CT,gas-CT,n,ww,50.099999999999994
2017,p83,battery_4,battery_4,n,fsu,0.3
2017,p83,gas-CT,gas-CT,n,ww,1.0
2017,p85,lfill-gas,lfill-gas_r_ww,r,ww,0.8
2017,p89,battery_4,battery_4,n,fsu,1.0
2017,p9,battery_4,battery_4,n,fsu,0.5
2017,p9,gas-CT,gas-CT,n,ww,27.600000000000005
2017,p9,hydro,hydro,n,ww,7.3
2017,p9,lfill-gas,lfill-gas_r_ww,r,ww,9.0
2017,p9,o-g-s,o-g-s_r_ww,r,ww,31.7
2017,p93,coal-new,CoalOldScr_r_ww,r,ww,268.0
2017,p93,hydro,hydro,n,ww,75.9
2017,p94,biopower,biopower_r_fg,r,fg,54.0
2017,p97,lfill-gas,lfill-gas_r_ww,r,ww,3.3
2017,p98,battery_4,battery_4,n,fsu,1.0
2017,p98,gas-CT,gas-CT,n,ww,78.0
2017,p99,gas-CC,gas-CC_r_ww,r,ww,766.0
2018,p1,hydro,hydro,n,ww,12.0
2018,p10,battery_4,battery_4,n,fsu,31.6
2018,p10,gas-CT,gas-CT,n,ww,6.6
2018,p10,geothermal,geothermal,n,fsa,16.0
2018,p10,o-g-s,o-g-s_r_ww,r,ww,5.4
2018,p101,battery_4,battery_4,n,fsu,14.0
2018,p101,gas-CC,gas-CC_r_ww,r,ww,1632.0
2018,p101,gas-CT,gas-CT,n,ww,18.6
2018,p103,lfill-gas,lfill-gas_r_ww,r,ww,2.4000000000000004
2018,p104,battery_4,battery_4,n,fsu,1.0
2018,p105,gas-CC,gas-CC_r_ww,r,ww,706.0
2018,p107,gas-CC,gas-CC_r_ww,r,ww,644.0
2018,p11,battery_4,battery_4,n,fsu,40.0
2018,p11,gas-CT,gas-CT,n,ww,527.5
2018,p111,gas-CC,gas-CC_r_ww,r,ww,850.0
2018,p111,gas-CT,gas-CT,n,ww,9.0
2018,p114,gas-CC,gas-CC_r_ww,r,ww,468.0
2018,p115,gas-CC,gas-CC_r_ww,r,ww,944.0
2018,p12,geothermal,geothermal,n,fsa,65.8
2018,p122,gas-CC,gas-CC_r_ww,r,ww,3471.5000000000005
2018,p122,gas-CT,gas-CT,n,ww,2.0
2018,p123,battery_4,battery_4,n,fsu,6.0
2018,p123,gas-CC,gas-CC_r_ww,r,ww,1868.6
2018,p123,gas-CT,gas-CT,n,ww,43.6
2018,p123,o-g-s,o-g-s_r_ww,r,ww,80.0
2018,p126,battery_4,battery_4,n,fsu,20.8
2018,p126,gas-CC,gas-CC_r_ww,r,ww,524.5
2018,p126,gas-CT,gas-CT,n,ww,135.79999999999995
2018,p126,o-g-s,o-g-s_r_ww,r,ww,4.5
2018,p127,battery_4,battery_4,n,fsu,2.0
2018,p127,gas-CC,gas-CC_r_ww,r,ww,705.0999999999999
2018,p127,o-g-s,o-g-s_r_ww,r,ww,5.4
2018,p128,battery_4,battery_4,n,fsu,5.0
2018,p129,battery_4,battery_4,n,fsu,1.0
2018,p131,battery_4,battery_4,n,fsu,3.0
2018,p131,gas-CC,gas-CC_r_ww,r,ww,677.1
2018,p131,gas-CT,gas-CT,n,ww,10.0
2018,p132,gas-CC,gas-CC_r_ww,r,ww,778.3
2018,p132,gas-CT,gas-CT,n,ww,90.0
2018,p132,o-g-s,o-g-s_r_ww,r,ww,3.4
2018,p133,gas-CT,gas-CT,n,ww,2.5
2018,p16,lfill-gas,lfill-gas_r_ww,r,ww,2.6
2018,p25,gas-CT,gas-CT,n,ww,12.0
2018,p28,battery_4,battery_4,n,fsu,12.0
2018,p31,geothermal,geothermal,n,fsa,7.0
2018,p33,battery_4,battery_4,n,fsu,4.0
2018,p34,battery_4,battery_4,n,fsu,4.2
2018,p38,battery_4,battery_4,n,fsu,0.8
2018,p38,biopower,biopower_r_fg,r,fg,5.4
2018,p4,hydro,hydro,n,ww,122.0
2018,p41,gas-CT,gas-CT,n,ww,9.3
2018,p43,battery_4,battery_4,n,fsu,15.0
2018,p43,gas-CT,gas-CT,n,ww,297.3
2018,p45,gas-CT,gas-CT,n,ww,4.0
2018,p47,battery_4,battery_4,n,fsu,1.0
2018,p5,hydro,hydro,n,ww,1.1
2018,p53,gas-CT,gas-CT,n,ww,6.0
2018,p60,battery_4,battery_4,n,fsu,19.8
2018,p63,gas-CT,gas-CT,n,ww,225.60000000000005
2018,p64,battery_4,battery_4,n,fsu,1.5
2018,p67,gas-CT,gas-CT,n,ww,451.6
2018,p70,battery_4,battery_4,n,fsu,1.1
2018,p71,gas-CT,gas-CT,n,ww,18.000000000000004
2018,p80,battery_4,battery_4,n,fsu,20.0
2018,p80,coal-new,CoalOldScr_r_ww,r,ww,10.6
2018,p9,battery_4,battery_4,n,fsu,0.5
2018,p9,biopower,biopower_r_fg,r,fg,6.0
2018,p9,o-g-s,o-g-s_r_ww,r,ww,17.9
2018,p92,gas-CC,gas-CC_r_ww,r,ww,1052.1
2018,p95,gas-CC,gas-CC_r_ww,r,ww,786.0
2018,p96,battery_4,battery_4,n,fsu,4.0
2018,p97,gas-CC,gas-CC_r_ww,r,ww,486.0
2018,p99,gas-CC,gas-CC_r_ww,r,ww,1585.0
2018,p99,gas-CT,gas-CT,n,ww,330.0
2019,p10,battery_4,battery_4,n,fsu,42.4
2019,p10,gas-CT,gas-CT,n,ww,29.4
2019,p10,o-g-s,o-g-s_r_ww,r,ww,3.8
2019,p101,battery_4,battery_4,n,fsu,5.0
2019,p101,biopower,biopower_r_fg,r,fg,4.7
2019,p101,gas-CC,gas-CC_r_ww,r,ww,1723.1000000000001
2019,p101,gas-CT,gas-CT,n,ww,74.0
2019,p101,lfill-gas,lfill-gas_r_ww,r,ww,1.6
2019,p103,gas-CC,gas-CC_r_ww,r,ww,26.9
2019,p103,gas-CT,gas-CT,n,ww,4.4
2019,p104,lfill-gas,lfill-gas_r_ww,r,ww,0.8
2019,p105,gas-CT,gas-CT,n,ww,11.2
2019,p105,o-g-s,o-g-s_r_ww,r,ww,5.2
2019,p107,battery_4,battery_4,n,fsu,6.0
2019,p109,hydro,hydro,n,ww,2.5
2019,p109,lfill-gas,lfill-gas_r_ww,r,ww,2.4
2019,p11,battery_4,battery_4,n,fsu,2.0
2019,p11,o-g-s,o-g-s_r_ww,r,ww,6.0
2019,p112,gas-CT,gas-CT,n,ww,1.8
2019,p12,geothermal,geothermal,n,fsa,20.0
2019,p122,gas-CC,gas-CC_r_ww,r,ww,1303.7
2019,p122,gas-CT,gas-CT,n,ww,42.99999999999999
2019,p125,lfill-gas,lfill-gas_r_ww,r,ww,2.0
2019,p125,o-g-s,o-g-s_r_ww,r,ww,1.3
2019,p126,battery_4,battery_4,n,fsu,19.8
2019,p126,o-g-s,o-g-s_r_ww,r,ww,4.1
2019,p127,battery_4,battery_4,n,fsu,21.8
2019,p127,gas-CT,gas-CT,n,ww,1.5
2019,p127,hydro,hydro,n,ww,1.2
2019,p128,battery_4,battery_4,n,fsu,5.0
2019,p129,battery_4,battery_4,n,fsu,7.9
2019,p131,battery_4,battery_4,n,fsu,26.500000000000004
2019,p131,gas-CT,gas-CT,n,ww,541.8
2019,p131,o-g-s,o-g-s_r_ww,r,ww,2.0
2019,p132,gas-CC,gas-CC_r_ww,r,ww,576.3
2019,p132,o-g-s,o-g-s_r_ww,r,ww,3.7
2019,p16,lfill-gas,lfill-gas_r_ww,r,ww,1.4
2019,p18,hydro,hydro,n,ww,3.4
2019,p25,gas-CT,gas-CT,n,ww,14.0
2019,p28,battery_4,battery_4,n,fsu,10.0
2019,p28,gas-CT,gas-CT,n,ww,523.5
2019,p33,battery_4,battery_4,n,fsu,1.3
2019,p43,gas-CT,gas-CT,n,ww,21.6
2019,p50,coal-new,CoalOldScr_r_ww,r,ww,1040.0
2019,p52,gas-CT,gas-CT,n,ww,3.0
2019,p53,gas-CT,gas-CT,n,ww,1.0
2019,p56,battery_4,battery_4,n,fsu,12.0
2019,p58,gas-CC,gas-CC_r_ww,r,ww,1000.0
2019,p62,battery_4,battery_4,n,fsu,9.9
2019,p64,battery_4,battery_4,n,fsu,9.9
2019,p65,battery_4,battery_4,n,fsu,10.0
2019,p65,gas-CC,gas-CC_r_ww,r,ww,232.0
2019,p65,gas-CT,gas-CT,n,ww,186.0
2019,p67,battery_4,battery_4,n,fsu,9.9
2019,p67,gas-CT,gas-CT,n,ww,103.0
2019,p68,gas-CC,gas-CC_r_ww,r,ww,174.0
2019,p70,gas-CT,gas-CT,n,ww,2.6
2019,p74,gas-CT,gas-CT,n,ww,183.00000000000003
2019,p78,gas-CC,gas-CC_r_ww,r,ww,700.0
2019,p81,gas-CT,gas-CT,n,ww,2.8
2019,p87,gas-CT,gas-CT,n,ww,36.4
2019,p9,battery_4,battery_4,n,fsu,1.5
2019,p9,o-g-s,o-g-s_r_ww,r,ww,13.5
2019,p90,gas-CT,gas-CT,n,ww,43.6
2019,p94,biopower,biopower_r_fg,r,fg,116.0
2019,p95,gas-CT,gas-CT,n,ww,12.8
2019,p96,gas-CT,gas-CT,n,ww,7.0
2019,p97,gas-CC,gas-CC_r_ww,r,ww,586.4
2019,p97,lfill-gas,lfill-gas_r_ww,r,ww,1.6
2019,p98,biopower,biopower_r_fg,r,fg,1.7000000000000002
2019,p98,gas-CT,gas-CT,n,ww,5.6
2019,p98,lfill-gas,lfill-gas_r_ww,r,ww,1.8
2019,p98,o-g-s,o-g-s_r_ww,r,ww,1.0
2020,p10,battery_4,battery_4,n,fsu,84.3
2020,p10,gas-CC,gas-CC_r_ww,r,ww,1206.0
2020,p10,gas-CT,gas-CT,n,ww,91.8
2020,p101,gas-CT,gas-CT,n,ww,133.5
2020,p103,gas-CT,gas-CT,n,ww,3.3
2020,p103,lfill-gas,lfill-gas_r_ww,r,ww,1.6
2020,p104,gas-CT,gas-CT,n,ww,5.0
2020,p105,gas-CT,gas-CT,n,ww,0.9
2020,p105,lfill-gas,lfill-gas_r_ww,r,ww,1.4
2020,p107,battery_4,battery_4,n,fsu,10.0
2020,p11,battery_4,battery_4,n,fsu,282.0
2020,p115,gas-CC,gas-CC_r_ww,r,ww,256.7
2020,p122,gas-CC,gas-CC_r_ww,r,ww,2159.3999999999996
2020,p126,gas-CT,gas-CT,n,ww,5.0
2020,p127,battery_4,battery_4,n,fsu,12.1
2020,p127,gas-CC,gas-CC_r_ww,r,ww,1016.1
2020,p127,gas-CT,gas-CT,n,ww,1.5
2020,p131,battery_4,battery_4,n,fsu,69.29999999999998
2020,p132,o-g-s,o-g-s_r_ww,r,ww,16.1
2020,p15,hydro,hydro,n,ww,3.2
2020,p2,battery_4,battery_4,n,fsu,1.0
2020,p30,gas-CT,gas-CT,n,ww,181.99999999999997
2020,p33,battery_4,battery_4,n,fsu,1.0
2020,p38,gas-CT,gas-CT,n,ww,245.5
2020,p4,hydro,hydro,n,ww,122.0
2020,p5,hydro,hydro,n,ww,18.0
2020,p50,battery_4,battery_4,n,fsu,10.0
2020,p58,gas-CC,gas-CC_r_ww,r,ww,1000.0
2020,p58,gas-CT,gas-CT,n,ww,250.0
2020,p62,battery_4,battery_4,n,fsu,9.9
2020,p66,hydro,hydro,n,ww,26.099999999999998
2020,p67,battery_4,battery_4,n,fsu,49.5
2020,p70,battery_4,battery_4,n,fsu,0.3
2020,p70,gas-CT,gas-CT,n,ww,6.1000000000000005
2020,p70,hydro,hydro,n,ww,55.0
2020,p76,lfill-gas,lfill-gas_r_ww,r,ww,0.6
2020,p80,hydro,hydro,n,ww,10.4
2020,p87,gas-CT,gas-CT,n,ww,22.6
2020,p9,battery_4,battery_4,n,fsu,311.9
2020,p9,hydro,hydro,n,ww,2.7
2020,p94,battery_4,battery_4,n,fsu,2.7
2020,p94,gas-CT,gas-CT,n,ww,1.0
2020,p94,o-g-s,o-g-s_r_ww,r,ww,0.2
2020,p97,battery_4,battery_4,n,fsu,8.8
2021,p10,battery_4,battery_4,n,fsu,999.0
2021,p101,battery_4,battery_4,n,fsu,433.8
2021,p101,biopower,biopower_r_fg,r,fg,12.0
2021,p101,gas-CC,gas-CC_r_ww,r,ww,37.5
2021,p103,gas-CC,gas-CC_r_ww,r,ww,177.6
2021,p103,gas-CT,gas-CT,n,ww,73.3
2021,p105,hydro,hydro,n,ww,2.5
2021,p11,battery_4,battery_4,n,fsu,52.5
2021,p111,gas-CC,gas-CC_r_ww,r,ww,1060.0
2021,p112,gas-CC,gas-CC_r_ww,r,ww,485.0
2021,p115,gas-CC,gas-CC_r_ww,r,ww,619.1
2021,p127,battery_4,battery_4,n,fsu,220.0
2021,p13,battery_4,battery_4,n,fsu,90.0
2021,p131,battery_4,battery_4,n,fsu,57.199999999999996
2021,p132,o-g-s,o-g-s_r_ww,r,ww,3.7
2021,p134,battery_4,battery_4,n,fsu,2.3
2021,p20,battery_4,battery_4,n,fsu,200.0
2021,p28,battery_4,battery_4,n,fsu,198.0
2021,p31,battery_4,battery_4,n,fsu,12.0
2021,p41,battery_4,battery_4,n,fsu,1.4
2021,p48,battery_4,battery_4,n,fsu,50.0
2021,p5,battery_4,battery_4,n,fsu,30.0
2021,p54,battery_4,battery_4,n,fsu,4.5
2021,p58,gas-CT,gas-CT,n,ww,364.4
2021,p60,battery_4,battery_4,n,fsu,77.0
2021,p62,battery_4,battery_4,n,fsu,40.0
2021,p63,battery_4,battery_4,n,fsu,410.0
2021,p64,battery_4,battery_4,n,fsu,200.0
2021,p65,battery_4,battery_4,n,fsu,269.3
2021,p66,gas-CC,gas-CC_r_ww,r,ww,1000.0
2021,p67,battery_4,battery_4,n,fsu,119.80000000000001
2021,p67,gas-CT,gas-CT,n,ww,718.0
2021,p70,gas-CT,gas-CT,n,ww,55.199999999999996
2021,p73,battery_4,battery_4,n,fsu,4.0
2021,p85,battery_4,battery_4,n,fsu,10.0
2021,p9,battery_4,battery_4,n,fsu,792.5
2021,p91,battery_4,battery_4,n,fsu,5.5
2021,p94,battery_4,battery_4,n,fsu,80.0
2021,p94,nuclear,nuclear_r_ww,r,ww,1100.0
2022,p10,battery_4,battery_4,n,fsu,211.0
2022,p103,gas-CC,gas-CC_r_ww,r,ww,1146.0
2022,p104,gas-CC,gas-CC_r_ww,r,ww,1109.3000000000002
2022,p13,battery_4,battery_4,n,fsu,75.0
2022,p28,battery_4,battery_4,n,fsu,300.0
2022,p31,battery_4,battery_4,n,fsu,350.0
2022,p34,battery_4,battery_4,n,fsu,225.0
2022,p48,battery_4,battery_4,n,fsu,5.0
2022,p5,gas-CT,gas-CT,n,ww,394.8
2022,p63,battery_4,battery_4,n,fsu,120.0
2022,p64,battery_4,battery_4,n,fsu,80.0
2022,p65,battery_4,battery_4,n,fsu,100.0
2022,p9,battery_4,battery_4,n,fsu,228.3
2022,p92,battery_4,battery_4,n,fsu,20.0
2022,p94,nuclear,nuclear_r_ww,r,ww,1100.0
2022,p98,battery_4,battery_4,n,fsu,2.0
2023,p10,battery_4,battery_4,n,fsu,1206.5
2023,p101,gas-CC,gas-CC_r_ww,r,ww,1055.0
2023,p127,battery_4,battery_4,n,fsu,316.0
2023,p13,battery_4,battery_4,n,fsu,280.0
2023,p131,battery_4,battery_4,n,fsu,150.0
2023,p28,battery_4,battery_4,n,fsu,500.0
2024,p97,gas-CT,gas-CT,n,ww,517.0
