SEQPLT19,YEAR,PSTATABB,PNAME,ORISPL,OPRNAME,OPRCODE,UTLSRVNM,UTLSRVID,SECTOR,BANAME,BACODE,NERC,SUBRGN,SRNAME,ISORTO,FIPSST,FIPSCNTY,CNTYNAME,LAT,LON,NUMUNT,NUMGEN,PLPRMFL,PLFUELCT,COALFLAG,CAPFAC,NAMEPCAP,NBFACTOR,RMBMFLAG,CHPFLAG,USETHRMO,PWRTOHT,ELCALLOC,PSFLAG,PLHTIAN,PLHTIOZ,PLHTIANT,PLHTIOZT,PLNGENAN,PLNGENOZ,PLNOXAN,PLNOXOZ,PLSO2AN,PLCO2AN,PLCH4AN,PLN2OAN,PLCO2EQA,PLHGAN,PLNOXRTA,PLNOXRTO,PLSO2RTA,PLCO2RTA,PLCH4RTA,PLN2ORTA,PLC2ERTA,PLHGRTA,PLNOXRA,PLNOXRO,PLSO2RA,PLCO2RA,PLCH4RA,PLN2ORA,PLC2ERA,PLHGRA,PLNOXCRT,PLNOXCRO,PLSO2CRT,PLCO2CRT,PLCH4CRT,PLN2OCRT,PLC2ECRT,PLHGCRT,UNNOX,UNNOXOZ,UNSO2,UNCO2,UNCH4,UNN2O,UNHG,UNHTI,UNHTIOZ,UNHTIT,UNHTIOZT,UNNOXSRC,UNNOZSRC,UNSO2SRC,UNCO2SRC,UNCH4SRC,UNN2OSRC,UNHGSRC,UNHTISRC,UNHOZSRC,BIONOX,BIONOXOZ,BIOSO2,BIOCO2,BIOCH4,BION2O,CHPCHTI,CHPCHTIOZ,CHPNOX,CHPNOXOZ,CHPSO2,CHPCO2,CHPCH4,CHPN2O,PLHTRT,PLGENACL,PLGENAOL,PLGENAGS,PLGENANC,PLGENAHY,PLGENABM,PLGENAWI,PLGENASO,PLGENAGT,PLGENAOF,PLGENAOP,PLGENATN,PLGENATR,PLGENATH,PLGENACY,PLGENACN,PLCLPR,PLOLPR,PLGSPR,PLNCPR,PLHYPR,PLBMPR,PLWIPR,PLSOPR,PLGTPR,PLOFPR,PLOPPR,PLTNPR,PLTRPR,PLTHPR,PLCYPR,PLCNPR
1,2019,AK,7-Mile Ridge Wind Project,60814,Alaska Power and Telephone Co,219,Alaska Power and Telephone Co,219,Electric Utility,Alaska Miscellaneous,,,AKMS,ASCC Miscellaneous,,2,240.0,Southeast Fairbanks,63.210689,-143.24715600000002,1,1,WND,WIND,,,1.8,,,,,,,,,,,,,,,,,,,,,,,,,,,,,,,,,,,,,,,,,,,,,,,,,,,,,,,,,,,,,,,--,,,,,,,,,,,,,,,,,,,,,,,,,,,,,,,,,,,,,,,,,,,,,,,,,
2,2019,AK,Agrium Kenai Nitrogen Operations,54452,Homer Electric Assn Inc,19558,Agrium US Inc,179,Industrial CHP,Alaska Miscellaneous,,ASCC,AKGD,ASCC Alaska Grid,,2,122.0,Kenai Peninsula,60.6732,-151.3784,12,12,NG,GAS,,,21.6,,,Yes,,,,,,,,,,,,,,,,,,,,,,,,,,,,,,,,,,,,,,,,,,,,,,,,,,,,,,,,,,,,--,,,,,,,,,,,,,,,,,,,,,,,,,,,,,,,,,,,,,,,,,,,,,,,,,
3,2019,AK,Alakanuk,57053,"Alaska Village Elec Coop, Inc",221,"Alaska Village Elec Coop, Inc",221,Electric Utility,Alaska Miscellaneous,,ASCC,AKMS,ASCC Miscellaneous,,2,270.0,Wade Hampton,62.6833,-164.6544,5,5,DFO,OIL,,0.0,2.6,,,Yes,0.0,,1.0,,219.0,90.0,219.0,90.0,,,2.0,1.0,0.0,18.0,1.0,0.0,18.0,,0.0,0.0,0.0,0.0,0.0,0.0,0.0,,18.639,18.644000000000002,0.29,163.32399999999998,0.006999999999999999,0.001,163.88400000000001,,0.0,0.0,0.0,0.0,0.0,0.0,0.0,,2.0,1.0,0.0,18.0,1.0,0.0,,219.0,90.0,219.0,90.0,EIA,EIA,EIA,EIA,EIA,EIA,--,EIA,EIA,,,,,,,0.0,0.0,0.0,0.0,0.0,0.0,0.0,0.0,"(15,642.857)",0,(14),0,0.0,0,0.0,0.0,0.0,0.0,0.0,0,(14),0,0.0,(14),0,,,,,,,,,,,,,,,,
4,2019,AK,Allison Creek Hydro,58982,"Copper Valley Elec Assn, Inc",4329,"Copper Valley Elec Assn, Inc",4329,Electric Utility,Alaska Miscellaneous,,,AKMS,ASCC Miscellaneous,,2,261.0,Valdez Cordova,61.084444,-146.35333300000002,1,1,WAT,HYDRO,,0.3361,6.5,,,,,,,,,,170397.0,74529.0,19135.0,8369.0,,,,,,,,,,,,,,,,,,,,,,,,,,,,,,,,,,,,,,,,,,170397.0,74529.0,,,,,,,--,EIA,EIA,,,,,,,,,,,,,,,,0,0,0,0.0,"19,135",0.0,0.0,0.0,0.0,0.0,0,0,"19,135",0.0,0,"19,135",0.0%,0.0%,0.0%,0.0%,100.0%,0.0%,0.0%,0.0%,0.0%,0.0%,0.0%,0.0%,100.0%,0.0%,0.0%,100.0%
5,2019,AK,Ambler,60243,"Alaska Village Elec Coop, Inc",221,"Alaska Village Elec Coop, Inc",221,Electric Utility,Alaska Miscellaneous,,,AKMS,ASCC Miscellaneous,,2,188.0,Northwest Arctic,67.08798,-157.856719,3,3,DFO,OIL,,0.122,1.1,1.0,,,,,,,12851.0,5228.0,12851.0,5228.0,1176.0,479.0,21.0,9.0,2.0,1049.0,85.0,17.0,1053.0,,36.311,36.271,3.1689999999999996,1784.78,0.07200000000000001,0.013999999999999999,1790.895,,3.323,3.323,0.29,163.326,0.006999999999999999,0.001,163.885,,36.311,36.271,3.1689999999999996,1784.779,0.07200000000000001,0.013999999999999999,1790.8929999999998,,21.0,9.0,2.0,1049.0,85.0,17.0,,12851.0,5228.0,12851.0,5228.0,EIA,EIA,EIA,EIA,EIA,EIA,--,EIA,EIA,,,,,,,,,,,,,,,"10,927.721",0,"1,176",0,0.0,0,0.0,0.0,0.0,0.0,0.0,0,"1,176",0,0.0,"1,176",0,0.0%,100.0%,0.0%,0.0%,0.0%,0.0%,0.0%,0.0%,0.0%,0.0%,0.0%,100.0%,0.0%,0.0%,100.0%,0.0%
6,2019,AK,Anchorage 1,75,Anchorage Municipal Light and Power,599,Anchorage Municipal Light and Power,599,Electric Utility,Anchorage Municipal Light & Power,AMPL,ASCC,AKGD,ASCC Alaska Grid,,2,20.0,Anchorage,61.2221,-149.8661,8,8,NG,GAS,,0.0139,121.4,1.0,,,,,,,227495.0,86152.0,227495.0,86152.0,14737.0,5581.0,36.0,14.0,0.0,13298.0,505.0,51.0,13312.0,,4.8919999999999995,4.893,0.051,1804.721,0.034,0.003,1806.6129999999998,,0.317,0.317,0.003,116.90799999999999,0.002,0.0,117.031,,4.8919999999999995,4.893,0.051,1804.721,0.034,0.003,1806.6129999999998,,36.0,14.0,0.0,13298.0,505.0,51.0,,227495.0,86152.0,227495.0,86152.0,EIA,EIA,EIA,EIA,EIA,EIA,--,EIA,EIA,,,,,,,,,,,,,,,"15,437.101",0,57,"14,680",0.0,0,0.0,0.0,0.0,0.0,0.0,0,"14,737",0,0.0,"14,737",0,0.0%,0.4%,99.6%,0.0%,0.0%,0.0%,0.0%,0.0%,0.0%,0.0%,0.0%,100.0%,0.0%,0.0%,100.0%,0.0%
7,2019,AK,Angoon,7462,"Inside Passage Elec Coop, Inc",18963,"Inside Passage Elec Coop, Inc",18963,Electric Utility,Alaska Miscellaneous,,ASCC,AKMS,ASCC Miscellaneous,,2,105.0,Hoonah-Angoon,57.499166,-134.58614,4,4,DFO,OIL,,0.0969,1.9,1.0,,Yes,0.0,,1.0,,16299.0,6640.0,16299.0,6640.0,1612.0,656.0,26.0,11.0,2.0,1331.0,108.0,22.0,1336.0,,32.494,32.533,2.932,1651.3929999999998,0.067,0.013000000000000001,1657.0510000000002,,3.214,3.214,0.29,163.326,0.006999999999999999,0.001,163.885,,32.494,32.533,2.932,1651.392,0.067,0.013000000000000001,1657.05,,26.0,11.0,2.0,1331.0,108.0,22.0,,16299.0,6640.0,16299.0,6640.0,EIA,EIA,EIA,EIA,EIA,EIA,--,EIA,EIA,,,,,,,0.0,0.0,0.0,0.0,0.0,0.0,0.0,0.0,"10,111.042",0,"1,612",0,0.0,0,0.0,0.0,0.0,0.0,0.0,0,"1,612",0,0.0,"1,612",0,0.0%,100.0%,0.0%,0.0%,0.0%,0.0%,0.0%,0.0%,0.0%,0.0%,0.0%,100.0%,0.0%,0.0%,100.0%,0.0%
8,2019,AK,Aniak,7182,Aniak Light & Power Co Inc,4959,Aniak Light & Power Co Inc,4959,Electric Utility,Alaska Miscellaneous,,ASCC,AKMS,ASCC Miscellaneous,,2,50.0,Bethel,61.580678000000006,-159.535643,6,6,DFO,OIL,,,2.6,,,,,,,,,,,,,,,,,,,,,,,,,,,,,,,,,,,,,,,,,,,,,,,,,,,,,,,,,,,,,,,--,,,,,,,,,,,,,,,,,,,,,,,,,,,,,,,,,,,,,,,,,,,,,,,,,
9,2019,AK,Annex Creek,62,Alaska Electric Light&Power Co,213,Alaska Electric Light&Power Co,213,Electric Utility,Alaska Miscellaneous,,ASCC,AKMS,ASCC Miscellaneous,,2,110.0,Juneau,58.3176,-134.101,2,2,WAT,HYDRO,,0.7637,4.0,,,,,,,,,,238306.0,104232.0,26761.0,11705.0,,,,,,,,,,,,,,,,,,,,,,,,,,,,,,,,,,,,,,,,,,238306.0,104232.0,,,,,,,--,EIA,EIA,,,,,,,,,,,,,,,,0,0,0,0.0,"26,761",0.0,0.0,0.0,0.0,0.0,0,0,"26,761",0.0,0,"26,761",0.0%,0.0%,0.0%,0.0%,100.0%,0.0%,0.0%,0.0%,0.0%,0.0%,0.0%,0.0%,100.0%,0.0%,0.0%,100.0%
10,2019,AK,Auke Bay,7250,Alaska Electric Light&Power Co,213,Alaska Electric Light&Power Co,213,Electric Utility,Alaska Miscellaneous,,ASCC,AKMS,ASCC Miscellaneous,,2,110.0,Juneau,58.3875,-134.6446,3,3,DFO,OIL,,0.0,36.2,,,,,,,,5068.0,2072.0,5068.0,2072.0,,,2.0,1.0,1.0,414.0,34.0,7.0,415.0,,0.0,0.0,0.0,0.0,0.0,0.0,0.0,,0.966,0.97,0.5,163.326,0.006999999999999999,0.001,163.885,,0.0,0.0,0.0,0.0,0.0,0.0,0.0,,2.0,1.0,1.0,414.0,34.0,7.0,,5068.0,2072.0,5068.0,2072.0,EIA,EIA,EIA,EIA,EIA,EIA,--,EIA,EIA,,,,,,,,,,,,,,,"(38,393.941)",0,(132),0,0.0,0,0.0,0.0,0.0,0.0,0.0,0,(132),0,0.0,(132),0,,,,,,,,,,,,,,,,
11,2019,AK,Aurora Energy LLC Chena,79,Golden Valley Elec Assn Inc,7353,Aurora Energy LLC,986,IPP CHP,Alaska Miscellaneous,,ASCC,AKGD,ASCC Alaska Grid,,2,90.0,Fairbanks North Star,64.84774300000001,-147.735063,4,5,SUB,COAL,Yes,0.6809,31.3,0.1985,Yes,Yes,817562.0,1.0,0.5096,,1722444.0,654772.0,1722444.0,654772.0,186691.0,74875.0,285.0,107.0,267.0,184209.0,41771.0,6076.0,185636.0,,3.056,2.8539999999999996,2.8569999999999998,1973.4089999999999,0.22399999999999998,0.033,1988.701,,0.331,0.326,0.31,213.892,0.024,0.004,215.55,,3.056,2.8539999999999996,2.8569999999999998,1973.4089999999999,0.22399999999999998,0.033,1988.701,,560.0,210.0,523.0,361478.0,81968.0,11923.0,,3379998.0,1284877.0,3379998.0,1284877.0,EIA,EIA,EIA,EIA,EIA,EIA,--,EIA,EIA,,,,0.0,,,1657554.0,630105.0,275.0,103.0,257.0,177269.0,40197.0,5847.0,"9,226.177","186,691",0,0,0.0,0,0.0,0.0,0.0,0.0,0.0,0,"186,691",0,0.0,"186,691",0,100.0%,0.0%,0.0%,0.0%,0.0%,0.0%,0.0%,0.0%,0.0%,0.0%,0.0%,100.0%,0.0%,0.0%,100.0%,0.0%
12,2019,AK,Barrow,7173,"Barrow Utils & Elec Coop, Inc",1276,"Barrow Utils & Elec Coop, Inc",1276,Electric Utility,Alaska Miscellaneous,,ASCC,AKMS,ASCC Miscellaneous,,2,185.0,North Slope,71.292,-156.7786,7,7,NG,GAS,,0.2675,20.3,0.8875,,Yes,0.0,,1.0,,747391.0,282927.0,747391.0,282927.0,47567.0,18007.0,120.0,45.0,1.0,43681.0,1648.0,165.0,43726.0,,5.0280000000000005,5.0280000000000005,0.05,1836.606,0.035,0.003,1838.505,,0.32,0.32,0.003,116.889,0.002,0.0,117.01,,5.0280000000000005,5.0280000000000005,0.05,1836.606,0.035,0.003,1838.505,,120.0,45.0,1.0,43681.0,1648.0,165.0,,747391.0,282927.0,747391.0,282927.0,EIA,EIA,EIA,EIA,EIA,EIA,--,EIA,EIA,,,,,,,0.0,0.0,0.0,0.0,0.0,0.0,0.0,0.0,"15,712.384",0,3,"47,564",0.0,0,0.0,0.0,0.0,0.0,0.0,0,"47,567",0,0.0,"47,567",0,0.0%,0.0%,100.0%,0.0%,0.0%,0.0%,0.0%,0.0%,0.0%,0.0%,0.0%,100.0%,0.0%,0.0%,100.0%,0.0%
13,2019,AK,Battery Energy Storage System,57583,Golden Valley Elec Assn Inc,7353,Golden Valley Elec Assn Inc,7353,Electric Utility,Alaska Miscellaneous,,ASCC,AKGD,ASCC Alaska Grid,,2,90.0,Fairbanks North Star,64.8167,-147.725,1,1,MWH,OTHF,,0.0,40.0,,,,,,,,0.0,0.0,0.0,0.0,,,,,,,,,,,0.0,0.0,0.0,0.0,0.0,0.0,0.0,,,,,,,,,,0.0,,0.0,0.0,0.0,0.0,0.0,,,,,,,,,0.0,0.0,0.0,0.0,,,,,,,--,EIA,EIA,,,,,,,,,,,,,,,,0,0,0,0.0,0,0.0,0.0,0.0,0.0,0.0,"(3,280)","(3,280)",0,0.0,"(3,280)",0,,,,,,,,,,,,,,,,
14,2019,AK,Beaver Falls,6580,Ketchikan Public Utilities,10210,Ketchikan Public Utilities,10210,Electric Utility,Alaska Miscellaneous,,ASCC,AKMS,ASCC Miscellaneous,,2,130.0,Ketchikan Gateway,55.37975,-131.470269,3,3,WAT,HYDRO,,0.7428,5.4,,,,,,,,,,312913.0,136865.0,35139.0,15369.0,,,,,,,,,,,,,,,,,,,,,,,,,,,,,,,,,,,,,,,,,,312913.0,136865.0,,,,,,,--,EIA,EIA,,,,,,,,,,,,,,,,0,0,0,0.0,"35,139",0.0,0.0,0.0,0.0,0.0,0,0,"35,139",0.0,0,"35,139",0.0%,0.0%,0.0%,0.0%,100.0%,0.0%,0.0%,0.0%,0.0%,0.0%,0.0%,0.0%,100.0%,0.0%,0.0%,100.0%
15,2019,AK,Beluga,96,Chugach Electric Assn Inc,3522,Chugach Electric Assn Inc,3522,Electric Utility,Chugach Electric Assn Inc,CEA,ASCC,AKGD,ASCC Alaska Grid,,2,122.0,Kenai Peninsula,61.1861,-151.0356,7,7,NG,GAS,,0.0168,374.4,1.0,,,,,,,1161053.0,338742.0,1161053.0,338742.0,55031.0,8736.0,186.0,54.0,2.0,67857.0,2560.0,256.0,67927.0,,6.751,12.408,0.067,2466.144,0.047,0.005,2468.6929999999998,,0.32,0.32,0.003,116.889,0.002,0.0,117.01,,6.751,12.408,0.067,2466.144,0.047,0.005,2468.6929999999998,,186.0,54.0,2.0,67857.0,2560.0,256.0,,1161053.0,338742.0,1161053.0,338742.0,EIA,EIA,EIA,EIA,EIA,EIA,--,EIA,EIA,,,,,,,,,,,,,,,"21,098.162",0,0,"55,031",0.0,0,0.0,0.0,0.0,0.0,0.0,0,"55,031",0,0.0,"55,031",0,0.0%,0.0%,100.0%,0.0%,0.0%,0.0%,0.0%,0.0%,0.0%,0.0%,0.0%,100.0%,0.0%,0.0%,100.0%,0.0%
16,2019,AK,Bernice Lake,6292,Alaska Electric & Energy Coop,49803,Homer Electric Assn Inc,19558,Electric Utility,Alaska Miscellaneous,,ASCC,AKGD,ASCC Alaska Grid,,2,122.0,Kenai Peninsula,60.6935,-151.3874,3,3,NG,GAS,,0.0089,76.7,1.0,,,,,,,303810.0,115015.0,303810.0,115015.0,6009.0,2275.0,48.0,18.0,0.0,17756.0,670.0,67.0,17774.0,,16.115,16.113,0.162,5909.813,0.111,0.011000000000000001,5915.920999999999,,0.319,0.319,0.003,116.889,0.002,0.0,117.01,,16.115,16.113,0.162,5909.813,0.111,0.011000000000000001,5915.920999999999,,48.0,18.0,0.0,17756.0,670.0,67.0,,303810.0,115015.0,303810.0,115015.0,EIA,EIA,EIA,EIA,EIA,EIA,--,EIA,EIA,,,,,,,,,,,,,,,"50,559.163",0,0,"6,009",0.0,0,0.0,0.0,0.0,0.0,0.0,0,"6,009",0,0.0,"6,009",0,0.0%,0.0%,100.0%,0.0%,0.0%,0.0%,0.0%,0.0%,0.0%,0.0%,0.0%,100.0%,0.0%,0.0%,100.0%,0.0%
17,2019,AK,Bethel,6566,"Alaska Village Elec Coop, Inc",221,"Alaska Village Elec Coop, Inc",221,Electric Utility,Alaska Miscellaneous,,ASCC,AKMS,ASCC Miscellaneous,,2,50.0,Bethel,60.7897,-161.787778,6,6,DFO,OIL,,0.3851,12.6,0.6915,,Yes,0.0,,1.0,,400833.0,163183.0,400833.0,163183.0,42506.0,17304.0,666.0,271.0,58.0,32733.0,2651.0,530.0,32845.0,,31.331999999999997,31.333000000000002,2.735,1540.1670000000001,0.062,0.012,1545.444,,3.323,3.323,0.29,163.326,0.006999999999999999,0.001,163.885,,31.331999999999997,31.333000000000002,2.735,1540.1670000000001,0.062,0.012,1545.444,,666.0,271.0,58.0,32733.0,2651.0,530.0,,400833.0,163183.0,400833.0,163183.0,EIA,EIA,EIA,EIA,EIA,EIA,--,EIA,EIA,,,,,,,0.0,0.0,0.0,0.0,0.0,0.0,0.0,0.0,"9,430.033",0,"42,506",0,0.0,0,0.0,0.0,0.0,0.0,0.0,0,"42,506",0,0.0,"42,506",0,0.0%,100.0%,0.0%,0.0%,0.0%,0.0%,0.0%,0.0%,0.0%,0.0%,0.0%,100.0%,0.0%,0.0%,100.0%,0.0%
18,2019,AK,Black Bear Lake,7752,Alaska Power and Telephone Co,219,Alaska Power and Telephone Co,219,Electric Utility,Alaska Miscellaneous,,ASCC,AKMS,ASCC Miscellaneous,,2,198.0,Prince of Wales-Hyder,55.476471999999994,-133.14772,1,1,WAT,HYDRO,,0.5068,4.5,,,,,,,,,,177885.0,77805.0,19976.0,8737.0,,,,,,,,,,,,,,,,,,,,,,,,,,,,,,,,,,,,,,,,,,177885.0,77805.0,,,,,,,--,EIA,EIA,,,,,,,,,,,,,,,,0,0,0,0.0,"19,976",0.0,0.0,0.0,0.0,0.0,0,0,"19,976",0.0,0,"19,976",0.0%,0.0%,0.0%,0.0%,100.0%,0.0%,0.0%,0.0%,0.0%,0.0%,0.0%,0.0%,100.0%,0.0%,0.0%,100.0%
19,2019,AK,Blue Lake Hydro,93,City & Borough of Sitka - (AK),17271,City & Borough of Sitka - (AK),17271,Electric Utility,Alaska Miscellaneous,,ASCC,AKMS,ASCC Miscellaneous,,2,220.0,Sitka,57.0516,-135.2297,5,5,WAT,HYDRO,,0.2964,22.9,,,,,,,,,,529473.0,231586.0,59458.0,26006.0,,,,,,,,,,,,,,,,,,,,,,,,,,,,,,,,,,,,,,,,,,529473.0,231586.0,,,,,,,--,EIA,EIA,,,,,,,,,,,,,,,,0,0,0,0.0,"59,458",0.0,0.0,0.0,0.0,0.0,0,0,"59,458",0.0,0,"59,458",0.0%,0.0%,0.0%,0.0%,100.0%,0.0%,0.0%,0.0%,0.0%,0.0%,0.0%,0.0%,100.0%,0.0%,0.0%,100.0%
20,2019,AK,Bradley Lake,7367,Alaska Electric & Energy Coop,49803,Homer Electric Assn Inc,19558,Electric Utility,Alaska Miscellaneous,,ASCC,AKGD,ASCC Alaska Grid,,2,122.0,Kenai Peninsula,59.77862,-150.94015,2,2,WAT,HYDRO,,0.3747,126.0,,,,,,,,,,3683037.0,1610919.0,413592.0,180901.0,,,,,,,,,,,,,,,,,,,,,,,,,,,,,,,,,,,,,,,,,,3683037.0,1610919.0,,,,,,,--,EIA,EIA,,,,,,,,,,,,,,,,0,0,0,0.0,"413,592",0.0,0.0,0.0,0.0,0.0,0,0,"413,592",0.0,0,"413,592",0.0%,0.0%,0.0%,0.0%,100.0%,0.0%,0.0%,0.0%,0.0%,0.0%,0.0%,0.0%,100.0%,0.0%,0.0%,100.0%
21,2019,AK,Brevig Mission,60260,"Alaska Village Elec Coop, Inc",221,"Alaska Village Elec Coop, Inc",221,Electric Utility,Alaska Miscellaneous,,,AKMS,ASCC Miscellaneous,,2,180.0,Nome,65.331716,-166.47950600000001,4,4,DFO,OIL,,0.0904,1.5,1.0,,,,,,,11894.0,4842.0,11894.0,4842.0,1188.0,484.0,20.0,8.0,2.0,971.0,79.0,16.0,975.0,,33.263000000000005,33.236,2.904,1635.182,0.066,0.013000000000000001,1640.7839999999999,,3.322,3.322,0.29,163.326,0.006999999999999999,0.001,163.885,,33.263000000000005,33.236,2.904,1635.182,0.066,0.013000000000000001,1640.7839999999999,,20.0,8.0,2.0,971.0,79.0,16.0,,11894.0,4842.0,11894.0,4842.0,EIA,EIA,EIA,EIA,EIA,EIA,--,EIA,EIA,,,,,,,,,,,,,,,"10,011.785",0,"1,188",0,0.0,0,0.0,0.0,0.0,0.0,0.0,0,"1,188",0,0.0,"1,188",0,0.0%,100.0%,0.0%,0.0%,0.0%,0.0%,0.0%,0.0%,0.0%,0.0%,0.0%,100.0%,0.0%,0.0%,100.0%,0.0%
22,2019,AK,Centennial,7112,Metlakatla Power & Light,12385,Metlakatla Power & Light,12385,Electric Utility,Alaska Miscellaneous,,ASCC,AKMS,ASCC Miscellaneous,,2,198.0,Prince of Wales-Hyder,55.121432999999996,-131.56026699999998,2,2,DFO,OIL,,0.0552,5.1,1.0,,,,,,,28855.0,11745.0,28855.0,11745.0,2464.0,1003.0,46.0,19.0,4.0,2356.0,191.0,38.0,2364.0,,37.635,37.633,3.3960000000000004,1912.648,0.077,0.015,1919.2,,3.214,3.214,0.29,163.326,0.006999999999999999,0.001,163.885,,37.635,37.633,3.3960000000000004,1912.648,0.077,0.015,1919.2,,46.0,19.0,4.0,2356.0,191.0,38.0,,28855.0,11745.0,28855.0,11745.0,EIA,EIA,EIA,EIA,EIA,EIA,--,EIA,EIA,,,,,,,,,,,,,,,"11,710.633",0,"2,464",0,0.0,0,0.0,0.0,0.0,0.0,0.0,0,"2,464",0,0.0,"2,464",0,0.0%,100.0%,0.0%,0.0%,0.0%,0.0%,0.0%,0.0%,0.0%,0.0%,0.0%,100.0%,0.0%,0.0%,100.0%,0.0%
23,2019,AK,Chester Lake,7168,Metlakatla Power & Light,12385,Metlakatla Power & Light,12385,Electric Utility,Alaska Miscellaneous,,ASCC,AKMS,ASCC Miscellaneous,,2,198.0,Prince of Wales-Hyder,55.116879000000004,-131.545879,1,1,WAT,HYDRO,,0.5101,1.3,,,,,,,,,,51729.0,22626.0,5809.0,2541.0,,,,,,,,,,,,,,,,,,,,,,,,,,,,,,,,,,,,,,,,,,51729.0,22626.0,,,,,,,--,EIA,EIA,,,,,,,,,,,,,,,,0,0,0,0.0,"5,809",0.0,0.0,0.0,0.0,0.0,0,0,"5,809",0.0,0,"5,809",0.0%,0.0%,0.0%,0.0%,100.0%,0.0%,0.0%,0.0%,0.0%,0.0%,0.0%,0.0%,100.0%,0.0%,0.0%,100.0%
24,2019,AK,Chevak,6311,"Alaska Village Elec Coop, Inc",221,"Alaska Village Elec Coop, Inc",221,Electric Utility,Alaska Miscellaneous,,ASCC,AKMS,ASCC Miscellaneous,,2,50.0,Bethel,61.525296999999995,-165.590152,6,6,DFO,OIL,,0.0976,2.8,1.0,,,,,,,17039.0,6929.0,17039.0,6929.0,2395.0,975.0,28.0,12.0,2.0,1391.0,113.0,23.0,1396.0,,23.636,23.61,2.063,1161.9660000000001,0.047,0.009000000000000001,1165.947,,3.322,3.322,0.29,163.326,0.006999999999999999,0.001,163.885,,23.636,23.61,2.063,1161.9660000000001,0.047,0.009000000000000001,1165.947,,28.0,12.0,2.0,1391.0,113.0,23.0,,17039.0,6929.0,17039.0,6929.0,EIA,EIA,EIA,EIA,EIA,EIA,--,EIA,EIA,,,,,,,,,,,,,,,"7,114.406",0,"2,395",0,0.0,0,0.0,0.0,0.0,0.0,0.0,0,"2,395",0,0.0,"2,395",0,0.0%,100.0%,0.0%,0.0%,0.0%,0.0%,0.0%,0.0%,0.0%,0.0%,0.0%,100.0%,0.0%,0.0%,100.0%,0.0%
25,2019,AK,Cooper Lake,6291,Chugach Electric Assn Inc,3522,Chugach Electric Assn Inc,3522,Electric Utility,Chugach Electric Assn Inc,CEA,ASCC,AKGD,ASCC Alaska Grid,,2,122.0,Kenai Peninsula,60.392331000000006,-149.665603,2,2,WAT,HYDRO,,0.2713,19.4,,,,,,,,,,410538.0,179564.0,46102.0,20164.0,,,,,,,,,,,,,,,,,,,,,,,,,,,,,,,,,,,,,,,,,,410538.0,179564.0,,,,,,,--,EIA,EIA,,,,,,,,,,,,,,,,0,0,0,0.0,"46,102",0.0,0.0,0.0,0.0,0.0,0,0,"46,102",0.0,0,"46,102",0.0%,0.0%,0.0%,0.0%,100.0%,0.0%,0.0%,0.0%,0.0%,0.0%,0.0%,0.0%,100.0%,0.0%,0.0%,100.0%
26,2019,AK,Craig (AK),421,Alaska Power and Telephone Co,219,Alaska Power and Telephone Co,219,Electric Utility,Alaska Miscellaneous,,ASCC,AKMS,ASCC Miscellaneous,,2,198.0,Prince of Wales-Hyder,55.47691,-133.14869,5,5,DFO,OIL,,0.0085,6.2,1.0,,,,,,,5733.0,2330.0,5733.0,2330.0,461.0,188.0,9.0,4.0,1.0,468.0,38.0,8.0,470.0,,39.788000000000004,39.649,3.6069999999999998,2031.119,0.08199999999999999,0.016,2038.078,,3.199,3.199,0.29,163.325,0.006999999999999999,0.001,163.885,,39.787,39.649,3.6069999999999998,2031.115,0.08199999999999999,0.016,2038.0729999999999,,9.0,4.0,1.0,468.0,38.0,8.0,,5733.0,2330.0,5733.0,2330.0,EIA,EIA,EIA,EIA,EIA,EIA,--,EIA,EIA,,,,,,,,,,,,,,,"12,436.011",0,461,0,0.0,0,0.0,0.0,0.0,0.0,0.0,0,461,0,0.0,461,0,0.0%,100.0%,0.0%,0.0%,0.0%,0.0%,0.0%,0.0%,0.0%,0.0%,0.0%,100.0%,0.0%,0.0%,100.0%,0.0%
27,2019,AK,Delta Power,56325,Golden Valley Elec Assn Inc,7353,Golden Valley Elec Assn Inc,7353,Electric Utility,Alaska Miscellaneous,,ASCC,AKGD,ASCC Alaska Grid,,2,240.0,Southeast Fairbanks,64.028056,-145.71944399999998,1,1,DFO,OIL,,0.0,23.1,,,,,,,,944.0,376.0,944.0,376.0,,,0.0,0.0,0.0,77.0,6.0,1.0,77.0,,0.0,0.0,0.0,0.0,0.0,0.0,0.0,,0.9279999999999999,0.9259999999999999,0.505,163.326,0.006999999999999999,0.001,163.886,,0.0,0.0,0.0,0.0,0.0,0.0,0.0,,0.0,0.0,0.0,77.0,6.0,1.0,,944.0,376.0,944.0,376.0,EIA,EIA,EIA,EIA,EIA,EIA,--,EIA,EIA,,,,,,,,,,,,,,,"(7,097.744)",0,(133),0,0.0,0,0.0,0.0,0.0,0.0,0.0,0,(133),0,0.0,(133),0,,,,,,,,,,,,,,,,
28,2019,AK,Delta Wind Farm,58511,Golden Valley Elec Assn Inc,7353,Alaska Environmental Power,58488,IPP Non-CHP,Alaska Miscellaneous,,ASCC,AKGD,ASCC Alaska Grid,,2,240.0,Southeast Fairbanks,64.013889,-145.596667,3,3,WND,WIND,,0.2385,1.9,,,,,,,,,,35353.0,13554.0,3970.0,1522.0,,,,,,,,,,,,,,,,,,,,,,,,,,,,,,,,,,,,,,,,,,35353.0,13554.0,,,,,,,--,EIA,EIA,,,,,,,,,,,,,,,,0,0,0,0.0,0,0.0,3970.0,0.0,0.0,0.0,0,0,"3,970",3970.0,0,"3,970",0.0%,0.0%,0.0%,0.0%,0.0%,0.0%,100.0%,0.0%,0.0%,0.0%,0.0%,0.0%,100.0%,100.0%,0.0%,100.0%
29,2019,AK,Dillingham,109,"Nushagak Electric Coop, Inc",13870,"Nushagak Electric Coop, Inc",13870,Electric Utility,Alaska Miscellaneous,,ASCC,AKMS,ASCC Miscellaneous,,2,70.0,Dillingham,59.042914,-158.468597,15,15,DFO,OIL,,0.1411,15.1,1.0,,,,,,,189681.0,77219.0,189681.0,77219.0,18663.0,7598.0,303.0,123.0,28.0,15490.0,1255.0,251.0,15543.0,,32.494,32.493,2.947,1659.9579999999999,0.067,0.013000000000000001,1665.645,,3.197,3.197,0.29,163.326,0.006999999999999999,0.001,163.885,,32.494,32.493,2.947,1659.9579999999999,0.067,0.013000000000000001,1665.644,,303.0,123.0,28.0,15490.0,1255.0,251.0,,189681.0,77219.0,189681.0,77219.0,EIA,EIA,EIA,EIA,EIA,EIA,--,EIA,EIA,,,,,,,,,,,,,,,"10,163.478",0,"18,663",0,0.0,0,0.0,0.0,0.0,0.0,0.0,0,"18,663",0,0.0,"18,663",0,0.0%,100.0%,0.0%,0.0%,0.0%,0.0%,0.0%,0.0%,0.0%,0.0%,0.0%,100.0%,0.0%,0.0%,100.0%,0.0%
30,2019,AK,Dutch Harbor,7502,City of Unalaska - (AK),19454,City of Unalaska - (AK),19454,Electric Utility,Alaska Miscellaneous,,ASCC,AKMS,ASCC Miscellaneous,,2,16.0,Aleutians West,53.892458999999995,-166.538185,13,13,DFO,OIL,,0.2327,26.0,0.9455,,,,,,,483210.0,213271.0,483210.0,213271.0,52998.0,23415.0,775.0,342.0,70.0,39460.0,3196.0,639.0,39596.0,,29.250999999999998,29.2,2.6439999999999997,1489.125,0.06,0.012,1494.226,,3.208,3.2060000000000004,0.29,163.326,0.006999999999999999,0.001,163.885,,29.250999999999998,29.2,2.6439999999999997,1489.125,0.06,0.012,1494.226,,775.0,342.0,70.0,39460.0,3196.0,639.0,,483210.0,213271.0,483210.0,213271.0,EIA,EIA,EIA,EIA,EIA,EIA,--,EIA,EIA,,,,,,,,,,,,,,,"9,117.514",0,"52,998",0,0.0,0,0.0,0.0,0.0,0.0,0.0,0,"52,998",0,0.0,"52,998",0,0.0%,100.0%,0.0%,0.0%,0.0%,0.0%,0.0%,0.0%,0.0%,0.0%,0.0%,100.0%,0.0%,0.0%,100.0%,0.0%
31,2019,AK,Eielson AFB Central Heat & Power Plant,50392,Golden Valley Elec Assn Inc,7353,U S Air Force-Eielson AFB,22199,Commercial CHP,Alaska Miscellaneous,,ASCC,AKGD,ASCC Alaska Grid,,2,90.0,Fairbanks North Star,64.67141,-147.075988,11,9,SUB,COAL,Yes,0.2554,31.0,0.9077,,Yes,1838591.0,0.0,0.1465,,385677.0,129469.0,385677.0,129469.0,69358.0,26149.0,57.0,18.0,83.0,41234.0,9344.0,1359.0,41554.0,,1.63,1.411,2.391,1189.031,0.135,0.02,1198.239,,0.293,0.285,0.43,213.829,0.024,0.004,215.485,,1.63,1.411,2.391,1189.031,0.135,0.02,1198.239,,386.0,126.0,566.0,281434.0,63778.0,9278.0,,2632335.0,883659.0,2632335.0,883659.0,EIA,EIA,EPA/CAMD; EIA,EIA,EIA,EIA,--,EIA,EIA,,,,,,,2246658.0,754189.0,329.0,107.0,483.0,240200.0,54434.0,7919.0,"5,560.666","69,081",277,0,0.0,0,0.0,0.0,0.0,0.0,0.0,0,"69,358",0,0.0,"69,358",0,99.6%,0.4%,0.0%,0.0%,0.0%,0.0%,0.0%,0.0%,0.0%,0.0%,0.0%,100.0%,0.0%,0.0%,100.0%,0.0%
32,2019,AK,Eklutna Generation Station,58989,Matanuska Electric Assn Inc,11824,Matanuska Electric Assn Inc,11824,Electric Utility,Alaska Miscellaneous,,,AKGD,ASCC Alaska Grid,,2,20.0,Anchorage,61.457778000000005,-149.35138899999998,10,10,NG,GAS,,0.4832,171.0,0.528,,,,,,,6320169.0,2392672.0,6320169.0,2392672.0,723815.0,274020.0,8738.0,3308.0,10.0,369379.0,13934.0,1393.0,369761.0,,24.145,24.145,0.027999999999999997,1020.6460000000001,0.019,0.002,1021.701,,2.765,2.765,0.003,116.889,0.002,0.0,117.01,,24.145,24.145,0.027999999999999997,1020.6460000000001,0.019,0.002,1021.701,,8738.0,3308.0,10.0,369379.0,13934.0,1393.0,,6320169.0,2392672.0,6320169.0,2392672.0,EIA,EIA,EIA,EIA,EIA,EIA,--,EIA,EIA,,,,,,,,,,,,,,,"8,731.746",0,0,"723,815",0.0,0,0.0,0.0,0.0,0.0,0.0,0,"723,815",0,0.0,"723,815",0,0.0%,0.0%,100.0%,0.0%,0.0%,0.0%,0.0%,0.0%,0.0%,0.0%,0.0%,100.0%,0.0%,0.0%,100.0%,0.0%
33,2019,AK,Eklutna Hydro Project,77,Chugach Electric Assn Inc,3522,Anchorage Municipal Light and Power,599,Electric Utility,Anchorage Municipal Light & Power,AMPL,ASCC,AKGD,ASCC Alaska Grid,,2,170.0,Matanuska Susitna,61.475211,-149.15008999999998,2,2,WAT,HYDRO,,0.491,44.4,,,,,,,,,,1700597.0,743822.0,190971.0,83529.0,,,,,,,,,,,,,,,,,,,,,,,,,,,,,,,,,,,,,,,,,,1700597.0,743822.0,,,,,,,--,EIA,EIA,,,,,,,,,,,,,,,,0,0,0,0.0,"190,971",0.0,0.0,0.0,0.0,0.0,0,0,"190,971",0.0,0,"190,971",0.0%,0.0%,0.0%,0.0%,100.0%,0.0%,0.0%,0.0%,0.0%,0.0%,0.0%,0.0%,100.0%,0.0%,0.0%,100.0%
34,2019,AK,Elim,57060,"Alaska Village Elec Coop, Inc",221,"Alaska Village Elec Coop, Inc",221,Electric Utility,Alaska Miscellaneous,,ASCC,AKMS,ASCC Miscellaneous,,2,180.0,Nome,64.616558,-162.26371699999999,4,4,DFO,OIL,,0.0691,2.1,1.0,,Yes,466.0,9.0,0.9254,,11582.0,4714.0,11582.0,4714.0,1271.0,517.0,0.0,0.0,0.0,946.0,77.0,15.0,949.0,,0.0,0.0,0.0,1488.3129999999999,0.06,0.012,1493.412,,0.0,0.0,0.0,163.326,0.006999999999999999,0.001,163.885,,0.0,0.0,0.0,1488.3129999999999,0.06,0.012,1493.412,,0.0,0.0,0.0,1022.0,83.0,17.0,,12516.0,5094.0,12516.0,5094.0,EIA,EIA,EIA,EIA,EIA,EIA,--,EIA,EIA,,,,,,,934.0,380.0,0.0,0.0,0.0,76.0,6.0,1.0,"9,112.550",0,"1,271",0,0.0,0,0.0,0.0,0.0,0.0,0.0,0,"1,271",0,0.0,"1,271",0,0.0%,100.0%,0.0%,0.0%,0.0%,0.0%,0.0%,0.0%,0.0%,0.0%,0.0%,100.0%,0.0%,0.0%,100.0%,0.0%
35,2019,AK,Emmonak,6314,"Alaska Village Elec Coop, Inc",221,"Alaska Village Elec Coop, Inc",221,Electric Utility,Alaska Miscellaneous,,ASCC,AKMS,ASCC Miscellaneous,,2,270.0,Wade Hampton,62.777694,-164.53151699999998,8,8,DFO,OIL,,0.1388,4.8,1.0,,Yes,0.0,,1.0,,50624.0,20606.0,50624.0,20606.0,5838.0,2377.0,84.0,34.0,7.0,4134.0,335.0,67.0,4148.0,,28.811999999999998,28.804000000000002,2.515,1416.273,0.057,0.011000000000000001,1421.125,,3.323,3.323,0.29,163.326,0.006999999999999999,0.001,163.885,,28.811999999999998,28.804000000000002,2.515,1416.273,0.057,0.011000000000000001,1421.125,,84.0,34.0,7.0,4134.0,335.0,67.0,,50624.0,20606.0,50624.0,20606.0,EIA,EIA,EIA,EIA,EIA,EIA,--,EIA,EIA,,,,,,,0.0,0.0,0.0,0.0,0.0,0.0,0.0,0.0,"8,671.463",0,"5,838",0,0.0,0,0.0,0.0,0.0,0.0,0.0,0,"5,838",0,0.0,"5,838",0,0.0%,100.0%,0.0%,0.0%,0.0%,0.0%,0.0%,0.0%,0.0%,0.0%,0.0%,100.0%,0.0%,0.0%,100.0%,0.0%
36,2019,AK,ESS Battery Microgrid,58405,Kodiak Electric Assn Inc,10433,Kodiak Electric Assn Inc,10433,Electric Utility,Alaska Miscellaneous,,,AKMS,ASCC Miscellaneous,,2,150.0,Kodiak Island,57.799167000000004,-152.404167,1,1,MWH,OTHF,,0.0,3.0,,,,,,,,0.0,0.0,0.0,0.0,,,,,,,,,,,0.0,0.0,0.0,0.0,0.0,0.0,0.0,,,,,,,,,,0.0,,0.0,0.0,0.0,0.0,0.0,,,,,,,,,0.0,0.0,0.0,0.0,,,,,,,--,EIA,EIA,,,,,,,,,,,,,,,,0,0,0,0.0,0,0.0,0.0,0.0,0.0,0.0,(240),(240),0,0.0,(240),0,,,,,,,,,,,,,,,,
37,2019,AK,Eva Creek Wind,57935,Golden Valley Elec Assn Inc,7353,Golden Valley Elec Assn Inc,7353,Electric Utility,Alaska Miscellaneous,,ASCC,AKGD,ASCC Alaska Grid,,2,68.0,Denali,64.05833299999999,-148.9,1,1,WND,WIND,,0.2789,24.6,,,,,,,,,,535245.0,205218.0,60106.0,23045.0,,,,,,,,,,,,,,,,,,,,,,,,,,,,,,,,,,,,,,,,,,535245.0,205218.0,,,,,,,--,EIA,EIA,,,,,,,,,,,,,,,,0,0,0,0.0,0,0.0,60106.0,0.0,0.0,0.0,0,0,"60,106",60106.0,0,"60,106",0.0%,0.0%,0.0%,0.0%,0.0%,0.0%,100.0%,0.0%,0.0%,0.0%,0.0%,0.0%,100.0%,100.0%,0.0%,100.0%
38,2019,AK,Eyak Service Center BESS,62714,"Cordova Electric Coop, Inc",40215,"Cordova Electric Coop, Inc",40215,Electric Utility,Alaska Miscellaneous,,,AKMS,ASCC Miscellaneous,,2,261.0,Valdez Cordova,60.54046999999999,-145.74079,1,1,MWH,OTHF,,0.0,1.0,,,,,,,,,,,,0.0,0.0,,,,,,,,,,,,,,,,,,,,,,,,,,,,,,,,,,,,,,,,,,,,,,,,,,--,,,,,,,,,,,,,,,,,,0,0,0,0.0,0,0.0,0.0,0.0,0.0,0.0,0,0,0,0.0,0,0,,,,,,,,,,,,,,,,
39,2019,AK,Fairbanks,6286,Golden Valley Elec Assn Inc,7353,Golden Valley Elec Assn Inc,7353,Electric Utility,Alaska Miscellaneous,,ASCC,AKGD,ASCC Alaska Grid,,2,90.0,Fairbanks North Star,64.854171,-147.719351,4,4,DFO,OIL,,0.0208,42.2,1.0,,,,,,,164294.0,66875.0,164294.0,66875.0,7685.0,3177.0,77.0,31.0,41.0,13417.0,1087.0,217.0,13463.0,,19.929000000000002,19.611,10.795,3491.664,0.141,0.027999999999999997,3503.6259999999997,,0.932,0.932,0.505,163.326,0.006999999999999999,0.001,163.885,,19.929000000000002,19.611,10.795,3491.664,0.141,0.027999999999999997,3503.6259999999997,,77.0,31.0,41.0,13417.0,1087.0,217.0,,164294.0,66875.0,164294.0,66875.0,EIA,EIA,EIA,EIA,EIA,EIA,--,EIA,EIA,,,,,,,,,,,,,,,"21,378.530",0,"7,685",0,0.0,0,0.0,0.0,0.0,0.0,0.0,0,"7,685",0,0.0,"7,685",0,0.0%,100.0%,0.0%,0.0%,0.0%,0.0%,0.0%,0.0%,0.0%,0.0%,0.0%,100.0%,0.0%,0.0%,100.0%,0.0%
40,2019,AK,False Island,56146,Alaska Power and Telephone Co,219,Alaska Power and Telephone Co,219,Electric Utility,Alaska Miscellaneous,,ASCC,AKMS,ASCC Miscellaneous,,2,198.0,Prince of Wales-Hyder,55.489180000000005,-133.1345,2,2,DFO,OIL,,0.1222,1.6,1.0,,,,,,,16614.0,6769.0,16614.0,6769.0,1713.0,697.0,27.0,11.0,2.0,1357.0,110.0,22.0,1361.0,,31.033,31.076,2.813,1584.059,0.064,0.013000000000000001,1589.486,,3.2,3.2,0.29,163.326,0.006999999999999999,0.001,163.885,,31.033,31.076,2.813,1584.059,0.064,0.013000000000000001,1589.486,,27.0,11.0,2.0,1357.0,110.0,22.0,,16614.0,6769.0,16614.0,6769.0,EIA,EIA,EIA,EIA,EIA,EIA,--,EIA,EIA,,,,,,,,,,,,,,,"9,698.774",0,"1,713",0,0.0,0,0.0,0.0,0.0,0.0,0.0,0,"1,713",0,0.0,"1,713",0,0.0%,100.0%,0.0%,0.0%,0.0%,0.0%,0.0%,0.0%,0.0%,0.0%,0.0%,100.0%,0.0%,0.0%,100.0%,0.0%
41,2019,AK,Fire Island Wind,58425,Chugach Electric Assn Inc,3522,Fire Island Wind LLC,58422,IPP Non-CHP,Chugach Electric Assn Inc,CEA,,AKGD,ASCC Alaska Grid,,2,20.0,Anchorage,61.13,-150.24361100000002,1,1,WND,WIND,,0.3058,18.0,,,,,,,,,,429408.0,164640.0,48221.0,18488.0,,,,,,,,,,,,,,,,,,,,,,,,,,,,,,,,,,,,,,,,,,429408.0,164640.0,,,,,,,--,EIA,EIA,,,,,,,,,,,,,,,,0,0,0,0.0,0,0.0,48221.0,0.0,0.0,0.0,0,0,"48,221",48221.0,0,"48,221",0.0%,0.0%,0.0%,0.0%,0.0%,0.0%,100.0%,0.0%,0.0%,0.0%,0.0%,0.0%,100.0%,100.0%,0.0%,100.0%
42,2019,AK,Flywheel Energy Storage System Microgrid,60563,Kodiak Electric Assn Inc,10433,Kodiak Electric Assn Inc,10433,Electric Utility,Alaska Miscellaneous,,,AKMS,ASCC Miscellaneous,,2,150.0,Kodiak Island,57.780114000000005,-152.443783,1,1,MWH,OTHF,,0.0,2.0,,,,,,,,0.0,0.0,0.0,0.0,,,,,,,,,,,0.0,0.0,0.0,0.0,0.0,0.0,0.0,,,,,,,,,,0.0,,0.0,0.0,0.0,0.0,0.0,,,,,,,,,0.0,0.0,0.0,0.0,,,,,,,--,EIA,EIA,,,,,,,,,,,,,,,,0,0,0,0.0,0,0.0,0.0,0.0,0.0,0.0,(375),(375),0,0.0,(375),0,,,,,,,,,,,,,,,,
43,2019,AK,Fort Greely Power Plant,54834,Golden Valley Elec Assn Inc,7353,Doyon Utilities - Fort Greely,19272,Commercial Non-CHP,Alaska Miscellaneous,,ASCC,AKGD,ASCC Alaska Grid,,2,240.0,Southeast Fairbanks,63.973572,-145.71658100000002,7,7,DFO,OIL,,0.0007,10.4,1.0,,,,,,,596.0,225.0,596.0,225.0,66.0,29.0,1.0,0.0,0.0,49.0,4.0,1.0,49.0,,29.241999999999997,24.761999999999997,2.6319999999999997,1482.547,0.06,0.012,1487.625,,3.221,3.236,0.29,163.329,0.006999999999999999,0.001,163.888,,29.241999999999997,24.761999999999997,2.6319999999999997,1482.547,0.06,0.012,1487.625,,1.0,0.0,0.0,49.0,4.0,1.0,,596.0,225.0,596.0,225.0,EIA,EIA,EIA,EIA,EIA,EIA,--,EIA,EIA,,,,,,,,,,,,,,,"9,077.064",0,66,0,0.0,0,0.0,0.0,0.0,0.0,0.0,0,66,0,0.0,66,0,0.0%,100.0%,0.0%,0.0%,0.0%,0.0%,0.0%,0.0%,0.0%,0.0%,0.0%,100.0%,0.0%,0.0%,100.0%,0.0%
44,2019,AK,Galena Electric Utility,7437,Galena Electric Utility,6915,Galena Electric Utility,6915,Electric Utility,Alaska Miscellaneous,,ASCC,AKMS,ASCC Miscellaneous,,2,290.0,Yukon Koyukuk,64.74417,-156.8736,11,11,DFO,OIL,,0.084,8.0,1.0,,Yes,0.0,,1.0,,63306.0,25772.0,63306.0,25772.0,5886.0,2396.0,97.0,39.0,9.0,5170.0,419.0,84.0,5187.0,,32.864000000000004,32.867,3.1189999999999998,1756.625,0.071,0.013999999999999999,1762.6429999999998,,3.056,3.056,0.29,163.326,0.006999999999999999,0.001,163.885,,32.864000000000004,32.867,3.1189999999999998,1756.625,0.071,0.013999999999999999,1762.6429999999998,,97.0,39.0,9.0,5170.0,419.0,84.0,,63306.0,25772.0,63306.0,25772.0,EIA,EIA,EIA,EIA,EIA,EIA,--,EIA,EIA,,,,,,,0.0,0.0,0.0,0.0,0.0,0.0,0.0,0.0,"10,755.351",0,"5,886",0,0.0,0,0.0,0.0,0.0,0.0,0.0,0,"5,886",0,0.0,"5,886",0,0.0%,100.0%,0.0%,0.0%,0.0%,0.0%,0.0%,0.0%,0.0%,0.0%,0.0%,100.0%,0.0%,0.0%,100.0%,0.0%
45,2019,AK,Gambell,57062,"Alaska Village Elec Coop, Inc",221,"Alaska Village Elec Coop, Inc",221,Electric Utility,Alaska Miscellaneous,,ASCC,AKMS,ASCC Miscellaneous,,2,180.0,Nome,63.777058,-171.712439,4,4,DFO,OIL,,0.1161,1.9,1.0,,Yes,0.0,,1.0,,16948.0,6900.0,16948.0,6900.0,1932.0,787.0,0.0,0.0,0.0,1384.0,112.0,22.0,1389.0,,0.0,0.0,0.0,1432.735,0.057999999999999996,0.012,1437.6429999999998,,0.0,0.0,0.0,163.326,0.006999999999999999,0.001,163.885,,0.0,0.0,0.0,1432.735,0.057999999999999996,0.012,1437.6429999999998,,0.0,0.0,0.0,1384.0,112.0,22.0,,16948.0,6900.0,16948.0,6900.0,EIA,EIA,EIA,EIA,EIA,EIA,--,EIA,EIA,,,,,,,0.0,0.0,0.0,0.0,0.0,0.0,0.0,0.0,"8,772.257",0,"1,932",0,0.0,0,0.0,0.0,0.0,0.0,0.0,0,"1,932",0,0.0,"1,932",0,0.0%,100.0%,0.0%,0.0%,0.0%,0.0%,0.0%,0.0%,0.0%,0.0%,0.0%,100.0%,0.0%,0.0%,100.0%,0.0%
46,2019,AK,George M Sullivan Generation Plant 2,6559,Anchorage Municipal Light and Power,599,Anchorage Municipal Light and Power,599,Electric Utility,Anchorage Municipal Light & Power,AMPL,ASCC,AKGD,ASCC Alaska Grid,,2,20.0,Anchorage,61.229713000000004,-149.716744,8,7,NG,GAS,,0.171,418.0,1.0,,,,,,,5428913.0,1949662.0,5428913.0,1949662.0,626189.0,217481.0,860.0,309.0,9.0,317290.0,11969.0,1197.0,317618.0,,2.747,2.84,0.027999999999999997,1013.4010000000001,0.019,0.002,1014.449,,0.317,0.317,0.003,116.889,0.002,0.0,117.01,,2.747,2.84,0.027999999999999997,1013.4010000000001,0.019,0.002,1014.449,,860.0,309.0,9.0,317290.0,11969.0,1197.0,,5428913.0,1949662.0,5428913.0,1949662.0,EIA,EIA,EIA,EIA,EIA,EIA,--,EIA,EIA,,,,,,,,,,,,,,,"8,669.767",0,1,"626,188",0.0,0,0.0,0.0,0.0,0.0,0.0,0,"626,189",0,0.0,"626,189",0,0.0%,0.0%,100.0%,0.0%,0.0%,0.0%,0.0%,0.0%,0.0%,0.0%,0.0%,100.0%,0.0%,0.0%,100.0%,0.0%
47,2019,AK,Glennallen,6305,"Copper Valley Elec Assn, Inc",4329,"Copper Valley Elec Assn, Inc",4329,Electric Utility,Alaska Miscellaneous,,ASCC,AKMS,ASCC Miscellaneous,,2,261.0,Valdez Cordova,62.110415,-145.532529,9,9,DFO,OIL,,0.0299,11.3,1.0,,,,,,,33455.0,13626.0,33455.0,13626.0,2958.0,1204.0,54.0,22.0,5.0,2732.0,221.0,44.0,2741.0,,36.372,36.397,3.28,1847.2160000000001,0.075,0.015,1853.545,,3.216,3.216,0.29,163.326,0.006999999999999999,0.001,163.885,,36.372,36.397,3.28,1847.215,0.075,0.015,1853.543,,54.0,22.0,5.0,2732.0,221.0,44.0,,33455.0,13626.0,33455.0,13626.0,EIA,EIA,EIA,EIA,EIA,EIA,--,EIA,EIA,,,,,,,,,,,,,,,"11,310.007",0,"2,958",0,0.0,0,0.0,0.0,0.0,0.0,0.0,0,"2,958",0,0.0,"2,958",0,0.0%,100.0%,0.0%,0.0%,0.0%,0.0%,0.0%,0.0%,0.0%,0.0%,0.0%,100.0%,0.0%,0.0%,100.0%,0.0%
48,2019,AK,Goat Lake Hydro,7751,Alaska Power and Telephone Co,219,Alaska Power and Telephone Co,219,Electric Utility,Alaska Miscellaneous,,ASCC,AKMS,ASCC Miscellaneous,,2,230.0,Skagway,59.5357,-135.2123,1,1,WAT,HYDRO,,0.4401,4.0,,,,,,,,,,137314.0,60060.0,15420.0,6745.0,,,,,,,,,,,,,,,,,,,,,,,,,,,,,,,,,,,,,,,,,,137314.0,60060.0,,,,,,,--,EIA,EIA,,,,,,,,,,,,,,,,0,0,0,0.0,"15,420",0.0,0.0,0.0,0.0,0.0,0,0,"15,420",0.0,0,"15,420",0.0%,0.0%,0.0%,0.0%,100.0%,0.0%,0.0%,0.0%,0.0%,0.0%,0.0%,0.0%,100.0%,0.0%,0.0%,100.0%
49,2019,AK,Gold Creek,63,Alaska Electric Light&Power Co,213,Alaska Electric Light&Power Co,213,Electric Utility,Alaska Miscellaneous,,ASCC,AKMS,ASCC Miscellaneous,,2,110.0,Juneau,58.3107,-134.4174,8,8,WAT,HYDRO,,0.0043,9.7,,,,,,,,79.0,0.0,3337.0,1425.0,369.0,160.0,0.0,0.0,0.0,6.0,1.0,0.0,6.0,,0.705,0.0,0.062,34.97,0.001,0.0,35.09,,3.2910000000000004,,0.29100000000000004,163.342,0.006999999999999999,0.001,163.90099999999998,,86.667,0.0,7.667000000000001,4301.333,0.174,0.035,4316.068,,0.0,0.0,0.0,6.0,1.0,0.0,,79.0,0.0,3337.0,1425.0,EIA,EIA,EIA,EIA,EIA,EIA,--,EIA,EIA,,,,,,,,,,,,,,,"26,333.334",0,3,0,0.0,366,0.0,0.0,0.0,0.0,0.0,0,3,366,0.0,3,366,0.0%,0.8%,0.0%,0.0%,99.2%,0.0%,0.0%,0.0%,0.0%,0.0%,0.0%,0.8%,99.2%,0.0%,0.8%,99.2%
50,2019,AK,Green Lake,313,City & Borough of Sitka - (AK),17271,City & Borough of Sitka - (AK),17271,Electric Utility,Alaska Miscellaneous,,ASCC,AKMS,ASCC Miscellaneous,,2,220.0,Sitka,56.986284,-135.12275,2,2,WAT,HYDRO,,0.3138,18.6,,,,,,,,,,455349.0,199164.0,51134.0,22365.0,,,,,,,,,,,,,,,,,,,,,,,,,,,,,,,,,,,,,,,,,,455349.0,199164.0,,,,,,,--,EIA,EIA,,,,,,,,,,,,,,,,0,0,0,0.0,"51,134",0.0,0.0,0.0,0.0,0.0,0,0,"51,134",0.0,0,"51,134",0.0%,0.0%,0.0%,0.0%,100.0%,0.0%,0.0%,0.0%,0.0%,0.0%,0.0%,0.0%,100.0%,0.0%,0.0%,100.0%
51,2019,AK,Gwitchyaa Zhee,7174,Gwitchyaa Zhee Utility Co,7833,Gwitchyaa Zhee Utility Co,7833,Electric Utility,Alaska Miscellaneous,,ASCC,AKMS,ASCC Miscellaneous,,2,290.0,Yukon Koyukuk,66.566287,-145.253052,10,10,DFO,OIL,,0.0398,6.0,1.0,,Yes,0.0,,1.0,,30514.0,12418.0,30514.0,12418.0,2091.0,851.0,49.0,20.0,4.0,2492.0,202.0,40.0,2500.0,,46.896,46.895,4.232,2383.415,0.09699999999999999,0.019,2391.58,,3.214,3.214,0.29,163.326,0.006999999999999999,0.001,163.885,,46.896,46.895,4.232,2383.415,0.09699999999999999,0.019,2391.58,,49.0,20.0,4.0,2492.0,202.0,40.0,,30514.0,12418.0,30514.0,12418.0,EIA,EIA,EIA,EIA,EIA,EIA,--,EIA,EIA,,,,,,,0.0,0.0,0.0,0.0,0.0,0.0,0.0,0.0,"14,593.018",0,"2,091",0,0.0,0,0.0,0.0,0.0,0.0,0.0,0,"2,091",0,0.0,"2,091",0,0.0%,100.0%,0.0%,0.0%,0.0%,0.0%,0.0%,0.0%,0.0%,0.0%,0.0%,100.0%,0.0%,0.0%,100.0%,0.0%
52,2019,AK,Haines,69,Alaska Power and Telephone Co,219,Alaska Power and Telephone Co,219,Electric Utility,Alaska Miscellaneous,,ASCC,AKMS,ASCC Miscellaneous,,2,100.0,Haines,59.23593100000001,-135.446228,6,6,DFO,OIL,,0.0,9.2,,,,,,,,2468.0,1001.0,2468.0,1001.0,,,4.0,2.0,0.0,202.0,16.0,3.0,202.0,,0.0,0.0,0.0,0.0,0.0,0.0,0.0,,3.2030000000000003,3.2030000000000003,0.29,163.326,0.006999999999999999,0.001,163.885,,0.0,0.0,0.0,0.0,0.0,0.0,0.0,,4.0,2.0,0.0,202.0,16.0,3.0,,2468.0,1001.0,2468.0,1001.0,EIA,EIA,EIA,EIA,EIA,EIA,--,EIA,EIA,,,,,,,,,,,,,,,"(34,277.792)",0,(72),0,0.0,0,0.0,0.0,0.0,0.0,0.0,0,(72),0,0.0,(72),0,,,,,,,,,,,,,,,,
53,2019,AK,Healy,6288,Golden Valley Elec Assn Inc,7353,Golden Valley Elec Assn Inc,7353,Electric Utility,Alaska Miscellaneous,,ASCC,AKGD,ASCC Alaska Grid,,2,68.0,Denali,63.8542,-148.95,3,3,LIG,COAL,Yes,0.4239,92.8,0.6269,,Yes,0.0,,1.0,,4850244.0,1914084.0,4850244.0,1914084.0,344560.0,132755.0,285.0,112.0,500.0,510219.0,115018.0,16783.0,514158.0,,1.656,1.69,2.904,2961.57,0.33399999999999996,0.049,2984.43,,0.11800000000000001,0.11699999999999999,0.20600000000000002,210.389,0.024,0.003,212.013,,1.656,1.69,2.904,2961.57,0.33399999999999996,0.049,2984.43,,285.0,112.0,500.0,510219.0,115018.0,16783.0,,4850244.0,1914084.0,4850244.0,1914084.0,EIA,EIA,EIA,EIA,EIA,EIA,--,EIA,EIA,,,,,,,0.0,0.0,0.0,0.0,0.0,0.0,0.0,0.0,"14,076.630","334,302","10,258",0,0.0,0,0.0,0.0,0.0,0.0,0.0,0,"344,560",0,0.0,"344,560",0,97.0%,3.0%,0.0%,0.0%,0.0%,0.0%,0.0%,0.0%,0.0%,0.0%,0.0%,100.0%,0.0%,0.0%,100.0%,0.0%
54,2019,AK,Hiilangaay Hydro,59037,Alaska Power and Telephone Co,219,"Haida Energy, Inc.",60222,Electric Utility,Alaska Miscellaneous,,ASCC,AKMS,ASCC Miscellaneous,,2,198.0,Prince of Wales-Hyder,55.216389,-132.603611,1,1,WAT,HYDRO,,,5.0,,,,,,,,,,,,,,,,,,,,,,,,,,,,,,,,,,,,,,,,,,,,,,,,,,,,,,,,,,,,,,,--,,,,,,,,,,,,,,,,,,,,,,,,,,,,,,,,,,,,,,,,,,,,,,,,,
55,2019,AK,Hoonah,7463,"Inside Passage Elec Coop, Inc",18963,"Inside Passage Elec Coop, Inc",18963,Electric Utility,Alaska Miscellaneous,,ASCC,AKMS,ASCC Miscellaneous,,2,105.0,Hoonah-Angoon,58.106432,-135.43074,5,5,DFO,OIL,,0.149,3.4,1.0,,,,,,,37434.0,15238.0,37434.0,15238.0,4437.0,1806.0,56.0,23.0,5.0,3057.0,248.0,50.0,3067.0,,25.365,25.369,2.447,1377.944,0.055999999999999994,0.011000000000000001,1382.664,,3.0060000000000002,3.0069999999999997,0.29,163.326,0.006999999999999999,0.001,163.885,,25.365,25.369,2.447,1377.944,0.055999999999999994,0.011000000000000001,1382.664,,56.0,23.0,5.0,3057.0,248.0,50.0,,37434.0,15238.0,37434.0,15238.0,EIA,EIA,EIA,EIA,EIA,EIA,--,EIA,EIA,,,,,,,,,,,,,,,"8,436.782",0,"4,437",0,0.0,0,0.0,0.0,0.0,0.0,0.0,0,"4,437",0,0.0,"4,437",0,0.0%,100.0%,0.0%,0.0%,0.0%,0.0%,0.0%,0.0%,0.0%,0.0%,0.0%,100.0%,0.0%,0.0%,100.0%,0.0%
56,2019,AK,Hooper Bay,6319,"Alaska Village Elec Coop, Inc",221,"Alaska Village Elec Coop, Inc",221,Electric Utility,Alaska Miscellaneous,,ASCC,AKMS,ASCC Miscellaneous,,2,50.0,Bethel,61.530857999999995,-166.101944,7,7,DFO,OIL,,0.1158,3.3,1.0,,,,,,,30125.0,12269.0,30125.0,12269.0,3347.0,1363.0,50.0,20.0,4.0,2460.0,199.0,40.0,2469.0,,29.906,29.908,2.61,1470.029,0.06,0.012,1475.065,,3.323,3.323,0.29,163.326,0.006999999999999999,0.001,163.885,,29.906,29.908,2.61,1470.029,0.06,0.012,1475.065,,50.0,20.0,4.0,2460.0,199.0,40.0,,30125.0,12269.0,30125.0,12269.0,EIA,EIA,EIA,EIA,EIA,EIA,--,EIA,EIA,,,,,,,,,,,,,,,"9,000.598",0,"3,347",0,0.0,0,0.0,0.0,0.0,0.0,0.0,0,"3,347",0,0.0,"3,347",0,0.0%,100.0%,0.0%,0.0%,0.0%,0.0%,0.0%,0.0%,0.0%,0.0%,0.0%,100.0%,0.0%,0.0%,100.0%,0.0%
57,2019,AK,Humpback Creek,7042,"Cordova Electric Coop, Inc",40215,"Cordova Electric Coop, Inc",40215,Electric Utility,Alaska Miscellaneous,,ASCC,AKMS,ASCC Miscellaneous,,2,261.0,Valdez Cordova,60.612821999999994,-145.67941100000002,3,3,WAT,HYDRO,,0.3004,1.2,,,,,,,,,,28123.0,12301.0,3158.0,1381.0,,,,,,,,,,,,,,,,,,,,,,,,,,,,,,,,,,,,,,,,,,28123.0,12301.0,,,,,,,--,EIA,EIA,,,,,,,,,,,,,,,,0,0,0,0.0,"3,158",0.0,0.0,0.0,0.0,0.0,0,0,"3,158",0.0,0,"3,158",0.0%,0.0%,0.0%,0.0%,100.0%,0.0%,0.0%,0.0%,0.0%,0.0%,0.0%,0.0%,100.0%,0.0%,0.0%,100.0%
58,2019,AK,Hydaburg,423,Alaska Power and Telephone Co,219,Alaska Power and Telephone Co,219,Electric Utility,Alaska Miscellaneous,,ASCC,AKMS,ASCC Miscellaneous,,2,198.0,Prince of Wales-Hyder,55.204937,-132.821435,3,3,DFO,OIL,,0.0,1.0,,,,,,,,82.0,0.0,82.0,0.0,,0.0,0.0,0.0,0.0,7.0,1.0,0.0,7.0,,0.0,,0.0,0.0,0.0,0.0,0.0,,3.1710000000000003,,0.293,163.341,0.006999999999999999,0.001,163.90099999999998,,0.0,,0.0,0.0,0.0,0.0,0.0,,0.0,0.0,0.0,7.0,1.0,0.0,,82.0,0.0,82.0,0.0,EIA,EIA,EIA,EIA,EIA,EIA,--,EIA,EIA,,,,,,,,,,,,,,,"(3,153.846)",0,(26),0,0.0,0,0.0,0.0,0.0,0.0,0.0,0,(26),0,0.0,(26),0,,,,,,,,,,,,,,,,
59,2019,AK,Industrial Plant,59793,Alaska Electric Light&Power Co,213,Alaska Electric Light&Power Co,213,Electric Utility,Alaska Miscellaneous,,ASCC,AKMS,ASCC Miscellaneous,,2,110.0,Juneau,58.367635,-134.60801999999998,1,1,DFO,OIL,,0.0009,41.7,1.0,,,,,,,7289.0,2962.0,7289.0,2962.0,318.0,129.0,3.0,1.0,2.0,595.0,48.0,10.0,597.0,,20.736,20.775,11.575,3743.6540000000005,0.152,0.03,3756.48,,0.905,0.905,0.505,163.326,0.006999999999999999,0.001,163.885,,20.736,20.775,11.575,3743.6540000000005,0.152,0.03,3756.48,,3.0,1.0,2.0,595.0,48.0,10.0,,7289.0,2962.0,7289.0,2962.0,EIA,EIA,EIA,EIA,EIA,EIA,--,EIA,EIA,,,,,,,,,,,,,,,"22,921.384",0,318,0,0.0,0,0.0,0.0,0.0,0.0,0.0,0,318,0,0.0,318,0,0.0%,100.0%,0.0%,0.0%,0.0%,0.0%,0.0%,0.0%,0.0%,0.0%,0.0%,100.0%,0.0%,0.0%,100.0%,0.0%
60,2019,AK,International,6293,Chugach Electric Assn Inc,3522,Chugach Electric Assn Inc,3522,Electric Utility,Chugach Electric Assn Inc,CEA,ASCC,AKGD,ASCC Alaska Grid,,2,20.0,Anchorage,61.168972,-149.911038,3,3,NG,GAS,,0.0001,46.3,1.0,,,,,,,11639.0,4406.0,11639.0,4406.0,48.0,18.0,2.0,1.0,0.0,680.0,26.0,3.0,681.0,,77.583,78.222,0.775,28343.167999999998,0.535,0.053,28372.462000000003,,0.32,0.32,0.003,116.889,0.002,0.0,117.01,,77.583,78.222,0.775,28343.167999999998,0.535,0.053,28372.462000000003,,2.0,1.0,0.0,680.0,26.0,3.0,,11639.0,4406.0,11639.0,4406.0,EIA,EIA,EIA,EIA,EIA,EIA,--,EIA,EIA,,,,,,,,,,,,,,,"242,479.167",0,0,48,0.0,0,0.0,0.0,0.0,0.0,0.0,0,48,0,0.0,48,0,0.0%,0.0%,100.0%,0.0%,0.0%,0.0%,0.0%,0.0%,0.0%,0.0%,0.0%,100.0%,0.0%,0.0%,100.0%,0.0%
61,2019,AK,Jarvis Street,6801,City & Borough of Sitka - (AK),17271,City & Borough of Sitka - (AK),17271,Electric Utility,Alaska Miscellaneous,,ASCC,AKMS,ASCC Miscellaneous,,2,220.0,Sitka,57.0497,-135.3128,5,5,DFO,OIL,,0.0,25.6,,,,,,,,3811.0,1549.0,3811.0,1549.0,,,6.0,2.0,1.0,311.0,25.0,5.0,312.0,,0.0,0.0,0.0,0.0,0.0,0.0,0.0,,3.213,3.2110000000000003,0.29,163.325,0.006999999999999999,0.001,163.885,,0.0,0.0,0.0,0.0,0.0,0.0,0.0,,6.0,2.0,1.0,311.0,25.0,5.0,,3811.0,1549.0,3811.0,1549.0,EIA,EIA,EIA,EIA,EIA,EIA,--,EIA,EIA,,,,,,,,,,,,,,,"(5,730.826)",0,(665),0,0.0,0,0.0,0.0,0.0,0.0,0.0,0,(665),0,0.0,(665),0,,,,,,,,,,,,,,,,
62,2019,AK,JBER Landfill Gas Power Plant,58380,Anchorage Municipal Light and Power,599,"Doyon Utilities, LLC",58368,Commercial Non-CHP,Anchorage Municipal Light & Power,AMPL,,AKGD,ASCC Alaska Grid,,2,20.0,Anchorage,61.286,-149.61,5,5,LFG,BIOMASS,,0.3663,11.5,0.7229,Yes,,,,,,377700.0,156558.0,377700.0,156558.0,36898.0,15250.0,0.0,0.0,6.0,9.0,0.0,0.0,9.0,,0.0,0.0,0.34299999999999997,0.478,0.0,0.0,0.479,,0.0,0.0,0.033,0.047,0.0,0.0,0.047,,0.0,0.0,0.34299999999999997,0.478,0.0,0.0,0.479,,258.0,108.0,8.0,23984.0,879.0,88.0,,377700.0,156558.0,377700.0,156558.0,EIA,EIA,EIA,EIA,EIA,EIA,--,EIA,EIA,258.0,108.0,2.0,23975.0,878.0,88.0,,,,,,,,,"10,236.327",0,0,14,0.0,0,36884.0,0.0,0.0,0.0,0.0,0,14,"36,884",36884.0,"36,898",0,0.0%,0.0%,0.0%,0.0%,0.0%,100.0%,0.0%,0.0%,0.0%,0.0%,0.0%,0.0%,100.0%,100.0%,100.0%,0.0%
63,2019,AK,Kake,7464,"Inside Passage Elec Coop, Inc",18963,"Inside Passage Elec Coop, Inc",18963,Electric Utility,Alaska Miscellaneous,,ASCC,AKMS,ASCC Miscellaneous,,2,195.0,Petersburg,56.962982999999994,-133.922557,8,8,DFO,OIL,,0.0488,5.0,1.0,,Yes,0.0,,1.0,,18764.0,7633.0,18764.0,7633.0,2139.0,871.0,30.0,12.0,3.0,1532.0,124.0,25.0,1538.0,,28.191,28.160999999999998,2.544,1432.747,0.057999999999999996,0.012,1437.655,,3.214,3.213,0.29,163.326,0.006999999999999999,0.001,163.885,,28.191,28.160999999999998,2.544,1432.747,0.057999999999999996,0.012,1437.655,,30.0,12.0,3.0,1532.0,124.0,25.0,,18764.0,7633.0,18764.0,7633.0,EIA,EIA,EIA,EIA,EIA,EIA,--,EIA,EIA,,,,,,,0.0,0.0,0.0,0.0,0.0,0.0,0.0,0.0,"8,772.324",0,"2,139",0,0.0,0,0.0,0.0,0.0,0.0,0.0,0,"2,139",0,0.0,"2,139",0,0.0%,100.0%,0.0%,0.0%,0.0%,0.0%,0.0%,0.0%,0.0%,0.0%,0.0%,100.0%,0.0%,0.0%,100.0%,0.0%
64,2019,AK,Kasidaya Creek Hydro,56542,Alaska Power and Telephone Co,219,Alaska Power and Telephone Co,219,Electric Utility,Alaska Miscellaneous,,ASCC,AKMS,ASCC Miscellaneous,,2,230.0,Skagway,59.4072,-135.3408,1,1,WAT,HYDRO,,0.4087,3.0,,,,,,,,,,95648.0,41835.0,10741.0,4698.0,,,,,,,,,,,,,,,,,,,,,,,,,,,,,,,,,,,,,,,,,,95648.0,41835.0,,,,,,,--,EIA,EIA,,,,,,,,,,,,,,,,0,0,0,0.0,"10,741",0.0,0.0,0.0,0.0,0.0,0,0,"10,741",0.0,0,"10,741",0.0%,0.0%,0.0%,0.0%,100.0%,0.0%,0.0%,0.0%,0.0%,0.0%,0.0%,0.0%,100.0%,0.0%,0.0%,100.0%
65,2019,AK,Kasigluk,57066,"Alaska Village Elec Coop, Inc",221,"Alaska Village Elec Coop, Inc",221,Electric Utility,Alaska Miscellaneous,,ASCC,AKMS,ASCC Miscellaneous,,2,50.0,Bethel,60.8731,-162.5197,4,4,DFO,OIL,,0.1369,2.4,1.0,,Yes,0.0,,1.0,,25453.0,10362.0,25453.0,10362.0,2879.0,1172.0,0.0,0.0,0.0,2079.0,168.0,34.0,2086.0,,0.0,0.0,0.0,1443.9489999999998,0.057999999999999996,0.012,1448.896,,0.0,0.0,0.0,163.326,0.006999999999999999,0.001,163.885,,0.0,0.0,0.0,1443.9489999999998,0.057999999999999996,0.012,1448.896,,0.0,0.0,0.0,2079.0,168.0,34.0,,25453.0,10362.0,25453.0,10362.0,EIA,EIA,EIA,EIA,EIA,EIA,--,EIA,EIA,,,,,,,0.0,0.0,0.0,0.0,0.0,0.0,0.0,0.0,"8,840.917",0,"2,879",0,0.0,0,0.0,0.0,0.0,0.0,0.0,0,"2,879",0,0.0,"2,879",0,0.0%,100.0%,0.0%,0.0%,0.0%,0.0%,0.0%,0.0%,0.0%,0.0%,0.0%,100.0%,0.0%,0.0%,100.0%,0.0%
66,2019,AK,Ketchikan,84,Ketchikan Public Utilities,10210,Ketchikan Public Utilities,10210,Electric Utility,Alaska Miscellaneous,,ASCC,AKMS,ASCC Miscellaneous,,2,130.0,Ketchikan Gateway,55.344641,-131.633425,3,3,WAT,HYDRO,,0.5386,4.2,,,,,,,,,,176454.0,77179.0,19815.0,8667.0,,,,,,,,,,,,,,,,,,,,,,,,,,,,,,,,,,,,,,,,,,176454.0,77179.0,,,,,,,--,EIA,EIA,,,,,,,,,,,,,,,,0,0,0,0.0,"19,815",0.0,0.0,0.0,0.0,0.0,0,0,"19,815",0.0,0,"19,815",0.0%,0.0%,0.0%,0.0%,100.0%,0.0%,0.0%,0.0%,0.0%,0.0%,0.0%,0.0%,100.0%,0.0%,0.0%,100.0%
67,2019,AK,Kiana,6323,"Alaska Village Elec Coop, Inc",221,"Alaska Village Elec Coop, Inc",221,Electric Utility,Alaska Miscellaneous,,ASCC,AKMS,ASCC Miscellaneous,,2,188.0,Northwest Arctic,66.973889,-160.42859199999998,6,6,DFO,OIL,,0.0881,2.1,1.0,,,,,,,15108.0,6148.0,15108.0,6148.0,1620.0,660.0,25.0,10.0,2.0,1234.0,100.0,20.0,1238.0,,30.986,30.955,2.7039999999999997,1523.164,0.062,0.012,1528.382,,3.323,3.323,0.29,163.326,0.006999999999999999,0.001,163.885,,30.986,30.955,2.7039999999999997,1523.164,0.062,0.012,1528.382,,25.0,10.0,2.0,1234.0,100.0,20.0,,15108.0,6148.0,15108.0,6148.0,EIA,EIA,EIA,EIA,EIA,EIA,--,EIA,EIA,,,,,,,,,,,,,,,"9,325.926",0,"1,620",0,0.0,0,0.0,0.0,0.0,0.0,0.0,0,"1,620",0,0.0,"1,620",0,0.0%,100.0%,0.0%,0.0%,0.0%,0.0%,0.0%,0.0%,0.0%,0.0%,0.0%,100.0%,0.0%,0.0%,100.0%,0.0%
68,2019,AK,King Cove,7493,City of King Cove,9897,City of King Cove,9897,Electric Utility,Alaska Miscellaneous,,ASCC,AKMS,ASCC Miscellaneous,,2,13.0,Aleutians East,55.061682999999995,-162.3103,5,5,WAT,HYDRO,,0.1795,2.6,,,Yes,0.0,,1.0,,5589.0,2274.0,36729.0,15895.0,4088.0,1771.0,9.0,4.0,1.0,456.0,37.0,7.0,458.0,,4.55,4.273,0.397,223.295,0.009000000000000001,0.002,224.06,,3.3280000000000003,3.3280000000000003,0.29,163.326,0.006999999999999999,0.001,163.885,,31.475,29.559,2.7430000000000003,1544.5479999999998,0.063,0.013000000000000001,1549.84,,9.0,4.0,1.0,456.0,37.0,7.0,,5589.0,2274.0,36729.0,15895.0,EIA,EIA,EIA,EIA,EIA,EIA,--,EIA,EIA,,,,,,,0.0,0.0,0.0,0.0,0.0,0.0,0.0,0.0,"9,456.853",0,591,0,0.0,"3,497",0.0,0.0,0.0,0.0,0.0,0,591,"3,497",0.0,591,"3,497",0.0%,14.5%,0.0%,0.0%,85.5%,0.0%,0.0%,0.0%,0.0%,0.0%,0.0%,14.5%,85.5%,0.0%,14.5%,85.5%
69,2019,AK,Kivalina,57065,"Alaska Village Elec Coop, Inc",221,"Alaska Village Elec Coop, Inc",221,Electric Utility,Alaska Miscellaneous,,ASCC,AKMS,ASCC Miscellaneous,,2,188.0,Northwest Arctic,67.726644,-164.538447,4,4,DFO,OIL,,0.1696,1.1,1.0,,Yes,494.0,11.0,0.9377,,14716.0,5993.0,14716.0,5993.0,1634.0,665.0,0.0,0.0,0.0,1202.0,97.0,19.0,1206.0,,0.0,0.0,0.0,1470.888,0.06,0.012,1475.9270000000001,,0.0,0.0,0.0,163.326,0.006999999999999999,0.001,163.885,,0.0,0.0,0.0,1470.888,0.06,0.012,1475.9270000000001,,0.0,0.0,0.0,1282.0,104.0,21.0,,15694.0,6391.0,15694.0,6391.0,EIA,EIA,EIA,EIA,EIA,EIA,--,EIA,EIA,,,,,,,978.0,398.0,0.0,0.0,0.0,80.0,6.0,1.0,"9,005.859",0,"1,634",0,0.0,0,0.0,0.0,0.0,0.0,0.0,0,"1,634",0,0.0,"1,634",0,0.0%,100.0%,0.0%,0.0%,0.0%,0.0%,0.0%,0.0%,0.0%,0.0%,0.0%,100.0%,0.0%,0.0%,100.0%,0.0%
70,2019,AK,Klawock,7466,,-9999,"Inside Passage Elec Coop, Inc",18963,Electric Utility,Alaska Miscellaneous,,ASCC,AKMS,ASCC Miscellaneous,,2,198.0,Prince of Wales-Hyder,55.557778000000006,-132.98138899999998,4,4,DFO,OIL,,,1.4,,,,,,,,,,,,,,,,,,,,,,,,,,,,,,,,,,,,,,,,,,,,,,,,,,,,,,,,,,,,,,,--,,,,,,,,,,,,,,,,,,,,,,,,,,,,,,,,,,,,,,,,,,,,,,,,,
71,2019,AK,Klawock Power Generation Station,61684,Alaska Power and Telephone Co,219,Alaska Power and Telephone Co,219,Electric Utility,Alaska Miscellaneous,,,AKMS,ASCC Miscellaneous,,2,198.0,Prince of Wales-Hyder,55.553197,-133.08535,1,1,DFO,OIL,,0.0888,2.5,1.0,,,,,,,20576.0,8372.0,20576.0,8372.0,1944.0,791.0,33.0,13.0,3.0,1680.0,136.0,27.0,1686.0,,33.866,33.863,3.069,1728.6989999999998,0.07,0.013999999999999999,1734.621,,3.2,3.199,0.29,163.326,0.006999999999999999,0.001,163.885,,33.866,33.863,3.069,1728.6989999999998,0.07,0.013999999999999999,1734.621,,33.0,13.0,3.0,1680.0,136.0,27.0,,20576.0,8372.0,20576.0,8372.0,EIA,EIA,EIA,EIA,EIA,EIA,--,EIA,EIA,,,,,,,,,,,,,,,"10,584.362",0,"1,944",0,0.0,0,0.0,0.0,0.0,0.0,0.0,0,"1,944",0,0.0,"1,944",0,0.0%,100.0%,0.0%,0.0%,0.0%,0.0%,0.0%,0.0%,0.0%,0.0%,0.0%,100.0%,0.0%,0.0%,100.0%,0.0%
72,2019,AK,Kodiak Microgrid,6281,Kodiak Electric Assn Inc,10433,Kodiak Electric Assn Inc,10433,Electric Utility,Alaska Miscellaneous,,ASCC,AKMS,ASCC Miscellaneous,,2,150.0,Kodiak Island,57.789956000000004,-152.396982,10,10,DFO,OIL,,0.0,37.3,,,,,,,,,,,,0.0,0.0,,,,,,,,,,,,,,,,,,,,,,,,,,,,,,,,,,,,,,,,,,,,,,,,,,--,,,,,,,,,,,,,,,,,,0,0,0,0.0,0,0.0,0.0,0.0,0.0,0.0,0,0,0,0.0,0,0,,,,,,,,,,,,,,,,
73,2019,AK,Kotlik,57064,"Alaska Village Elec Coop, Inc",221,"Alaska Village Elec Coop, Inc",221,Electric Utility,Alaska Miscellaneous,,ASCC,AKMS,ASCC Miscellaneous,,2,270.0,Wade Hampton,63.03215,-163.553106,4,4,DFO,OIL,,0.1602,1.4,1.0,,Yes,2168.0,3.0,0.8049,,17099.0,6963.0,17099.0,6963.0,1965.0,800.0,0.0,0.0,0.0,1396.0,113.0,23.0,1401.0,,0.0,0.0,0.0,1421.249,0.057999999999999996,0.012,1426.118,,0.0,0.0,0.0,163.326,0.006999999999999999,0.001,163.885,,0.0,0.0,0.0,1421.249,0.057999999999999996,0.012,1426.118,,0.0,0.0,0.0,1735.0,141.0,28.0,,21245.0,8651.0,21245.0,8651.0,EIA,EIA,EIA,EIA,EIA,EIA,--,EIA,EIA,,,,,,,4146.0,1688.0,0.0,0.0,0.0,339.0,27.0,5.0,"8,701.925",0,"1,965",0,0.0,0,0.0,0.0,0.0,0.0,0.0,0,"1,965",0,0.0,"1,965",0,0.0%,100.0%,0.0%,0.0%,0.0%,0.0%,0.0%,0.0%,0.0%,0.0%,0.0%,100.0%,0.0%,0.0%,100.0%,0.0%
74,2019,AK,Kotzebue Hybrid,6304,Kotzebue Electric Assn Inc,10451,Kotzebue Electric Assn Inc,10451,Electric Utility,Alaska Miscellaneous,,ASCC,AKMS,ASCC Miscellaneous,,2,188.0,NORTHWEST ARCTIC,66.837778,-162.556944,29,29,DFO,OIL,,0.1171,21.6,1.0,,,,,,,184444.0,75093.0,200375.0,81202.0,22150.0,8975.0,292.0,119.0,27.0,15062.0,1220.0,244.0,15114.0,,26.397,26.523000000000003,2.415,1360.02,0.055,0.011000000000000001,1364.6789999999999,,3.17,3.17,0.29,163.326,0.006999999999999999,0.001,163.885,,28.715999999999998,28.854,2.627,1479.517,0.06,0.012,1484.586,,292.0,119.0,27.0,15062.0,1220.0,244.0,,184444.0,75093.0,200375.0,81202.0,EIA,EIA,EIA,EIA,EIA,EIA,--,EIA,EIA,,,,,,,,,,,,,,,"9,058.690",0,"20,368",0,0.0,0,0.0,1789.0,0.0,0.0,0.0,(7),"20,361","1,789",1789.0,"20,361","1,789",0.0%,91.9%,0.0%,0.0%,0.0%,0.0%,8.1%,0.0%,0.0%,0.0%,0.0%,91.9%,8.1%,8.1%,91.9%,8.1%
75,2019,AK,Koyuk,57059,"Alaska Village Elec Coop, Inc",221,"Alaska Village Elec Coop, Inc",221,Electric Utility,Alaska Miscellaneous,,ASCC,AKMS,ASCC Miscellaneous,,2,180.0,Nome,64.932089,-161.167103,3,3,DFO,OIL,,0.1296,1.1,1.0,,Yes,828.0,5.0,0.8728,,10833.0,4407.0,10833.0,4407.0,1249.0,508.0,0.0,0.0,0.0,885.0,72.0,14.0,888.0,,0.0,0.0,0.0,1416.565,0.057,0.011000000000000001,1421.418,,0.0,0.0,0.0,163.326,0.006999999999999999,0.001,163.885,,0.0,0.0,0.0,1416.565,0.057,0.011000000000000001,1421.418,,0.0,0.0,0.0,1014.0,82.0,16.0,,12411.0,5049.0,12411.0,5049.0,EIA,EIA,EIA,EIA,EIA,EIA,--,EIA,EIA,,,,,,,1578.0,642.0,0.0,0.0,0.0,129.0,10.0,2.0,"8,673.250",0,"1,249",0,0.0,0,0.0,0.0,0.0,0.0,0.0,0,"1,249",0,0.0,"1,249",0,0.0%,100.0%,0.0%,0.0%,0.0%,0.0%,0.0%,0.0%,0.0%,0.0%,0.0%,100.0%,0.0%,0.0%,100.0%,0.0%
76,2019,AK,Lake Dorothy Hydroelectric Project,57085,Alaska Electric Light&Power Co,213,Alaska Electric Light&Power Co,213,Electric Utility,Alaska Miscellaneous,,ASCC,AKMS,ASCC Miscellaneous,,2,110.0,Juneau,58.2325,-134.0533,1,1,WAT,HYDRO,,0.5423,14.3,,,,,,,,,,604933.0,264591.0,67932.0,29713.0,,,,,,,,,,,,,,,,,,,,,,,,,,,,,,,,,,,,,,,,,,604933.0,264591.0,,,,,,,--,EIA,EIA,,,,,,,,,,,,,,,,0,0,0,0.0,"67,932",0.0,0.0,0.0,0.0,0.0,0,0,"67,932",0.0,0,"67,932",0.0%,0.0%,0.0%,0.0%,100.0%,0.0%,0.0%,0.0%,0.0%,0.0%,0.0%,0.0%,100.0%,0.0%,0.0%,100.0%
77,2019,AK,Lemon Creek,64,Alaska Electric Light&Power Co,213,Alaska Electric Light&Power Co,213,Electric Utility,Alaska Miscellaneous,,ASCC,AKMS,ASCC Miscellaneous,,2,110.0,Juneau,58.3536,-134.4953,11,11,DFO,OIL,,0.0019,61.7,1.0,,,,,,,23521.0,9579.0,23521.0,9579.0,1050.0,428.0,33.0,13.0,4.0,1921.0,156.0,31.0,1927.0,,62.838,62.788999999999994,7.475,3658.657,0.14800000000000002,0.03,3671.191,,2.805,2.806,0.33399999999999996,163.326,0.006999999999999999,0.001,163.885,,62.838,62.788999999999994,7.475,3658.65,0.14800000000000002,0.03,3671.184,,33.0,13.0,4.0,1921.0,156.0,31.0,,23521.0,9579.0,23521.0,9579.0,EIA,EIA,EIA,EIA,EIA,EIA,--,EIA,EIA,,,,,,,,,,,,,,,"22,400.954",0,"1,050",0,0.0,0,0.0,0.0,0.0,0.0,0.0,0,"1,050",0,0.0,"1,050",0,0.0%,100.0%,0.0%,0.0%,0.0%,0.0%,0.0%,0.0%,0.0%,0.0%,0.0%,100.0%,0.0%,0.0%,100.0%,0.0%
78,2019,AK,Mahoney Lake Hydroelectric,59027,Ketchikan Public Utilities,10210,Ketchikan Electric Company,60223,Electric Utility,Alaska Miscellaneous,,ASCC,AKMS,ASCC Miscellaneous,,2,130.0,Ketchikan Gateway,55.41944399999999,-131.537778,1,1,WAT,HYDRO,,,9.6,,,,,,,,,,,,,,,,,,,,,,,,,,,,,,,,,,,,,,,,,,,,,,,,,,,,,,,,,,,,,,,--,,,,,,,,,,,,,,,,,,,,,,,,,,,,,,,,,,,,,,,,,,,,,,,,,
79,2019,AK,Marshall,60244,"Alaska Village Elec Coop, Inc",221,"Alaska Village Elec Coop, Inc",221,Electric Utility,Alaska Miscellaneous,,,AKMS,ASCC Miscellaneous,,2,270.0,Wade Hampton,61.878186,-162.085147,3,3,DFO,OIL,,0.1476,1.1,1.0,,,,,,,15763.0,6423.0,15763.0,6423.0,1422.0,579.0,26.0,11.0,2.0,1287.0,104.0,21.0,1292.0,,36.834,36.86,3.215,1810.4820000000002,0.073,0.015,1816.685,,3.323,3.323,0.29,163.326,0.006999999999999999,0.001,163.885,,36.834,36.86,3.215,1810.4820000000002,0.073,0.015,1816.685,,26.0,11.0,2.0,1287.0,104.0,21.0,,15763.0,6423.0,15763.0,6423.0,EIA,EIA,EIA,EIA,EIA,EIA,--,EIA,EIA,,,,,,,,,,,,,,,"11,085.091",0,"1,422",0,0.0,0,0.0,0.0,0.0,0.0,0.0,0,"1,422",0,0.0,"1,422",0,0.0%,100.0%,0.0%,0.0%,0.0%,0.0%,0.0%,0.0%,0.0%,0.0%,0.0%,100.0%,0.0%,0.0%,100.0%,0.0%
80,2019,AK,McGrath,6555,McGrath Light & Power Co,12119,McGrath Light & Power Co,12119,Electric Utility,Alaska Miscellaneous,,ASCC,AKMS,ASCC Miscellaneous,,2,290.0,Yukon Koyukuk,62.956990000000005,-155.594997,11,11,DFO,OIL,,0.037,4.8,1.0,,Yes,0.0,,1.0,,20154.0,8201.0,20154.0,8201.0,1556.0,633.0,34.0,14.0,3.0,1646.0,133.0,27.0,1651.0,,43.891999999999996,43.905,3.7560000000000002,2115.468,0.086,0.017,2122.715,,3.389,3.389,0.29,163.326,0.006999999999999999,0.001,163.885,,43.891999999999996,43.905,3.7560000000000002,2115.468,0.086,0.017,2122.715,,34.0,14.0,3.0,1646.0,133.0,27.0,,20154.0,8201.0,20154.0,8201.0,EIA,EIA,EIA,EIA,EIA,EIA,--,EIA,EIA,,,,,,,0.0,0.0,0.0,0.0,0.0,0.0,0.0,0.0,"12,952.442",0,"1,556",0,0.0,0,0.0,0.0,0.0,0.0,0.0,0,"1,556",0,0.0,"1,556",0,0.0%,100.0%,0.0%,0.0%,0.0%,0.0%,0.0%,0.0%,0.0%,0.0%,0.0%,100.0%,0.0%,0.0%,100.0%,0.0%
81,2019,AK,Mountain Village,6329,"Alaska Village Elec Coop, Inc",221,"Alaska Village Elec Coop, Inc",221,Electric Utility,Alaska Miscellaneous,,ASCC,AKMS,ASCC Miscellaneous,,2,50.0,Bethel,62.08556899999999,-163.729072,7,7,DFO,OIL,,0.0801,3.7,1.0,,,,,,,24898.0,10137.0,24898.0,10137.0,2595.0,1056.0,41.0,17.0,4.0,2033.0,165.0,33.0,2040.0,,31.878,31.896,2.782,1567.047,0.063,0.013000000000000001,1572.415,,3.323,3.323,0.29,163.326,0.006999999999999999,0.001,163.885,,31.878,31.896,2.782,1567.047,0.063,0.013000000000000001,1572.415,,41.0,17.0,4.0,2033.0,165.0,33.0,,24898.0,10137.0,24898.0,10137.0,EIA,EIA,EIA,EIA,EIA,EIA,--,EIA,EIA,,,,,,,,,,,,,,,"9,594.605",0,"2,595",0,0.0,0,0.0,0.0,0.0,0.0,0.0,0,"2,595",0,0.0,"2,595",0,0.0%,100.0%,0.0%,0.0%,0.0%,0.0%,0.0%,0.0%,0.0%,0.0%,0.0%,100.0%,0.0%,0.0%,100.0%,0.0%
82,2019,AK,Naknek,6301,"Naknek Electric Assn, Inc",13201,"Naknek Electric Assn, Inc",13201,Electric Utility,Alaska Miscellaneous,,ASCC,AKMS,ASCC Miscellaneous,,2,60.0,Bristol Bay,58.730417,-157.00722199999998,15,15,DFO,OIL,,0.1637,17.7,1.0,,Yes,92129.0,1.0,0.5563,,134271.0,54662.0,134271.0,54662.0,25378.0,10332.0,216.0,88.0,19.0,10965.0,888.0,178.0,11002.0,,17.003,17.003,1.534,864.128,0.035,0.006999999999999999,867.0880000000001,,3.214,3.214,0.29,163.326,0.006999999999999999,0.001,163.885,,17.003,17.002,1.534,864.125,0.035,0.006999999999999999,867.086,,388.0,158.0,35.0,19712.0,1596.0,319.0,,241384.0,98269.0,241384.0,98269.0,EIA,EIA,EIA,EIA,EIA,EIA,--,EIA,EIA,,,,,,,107113.0,43607.0,172.0,70.0,16.0,8747.0,708.0,142.0,"5,290.809",0,"25,378",0,0.0,0,0.0,0.0,0.0,0.0,0.0,0,"25,378",0,0.0,"25,378",0,0.0%,100.0%,0.0%,0.0%,0.0%,0.0%,0.0%,0.0%,0.0%,0.0%,0.0%,100.0%,0.0%,0.0%,100.0%,0.0%
83,2019,AK,New Stuyahok,60245,"Alaska Village Elec Coop, Inc",221,"Alaska Village Elec Coop, Inc",221,Electric Utility,Alaska Miscellaneous,,,AKMS,ASCC Miscellaneous,,2,70.0,Dillingham,59.448358,-157.325528,3,3,DFO,OIL,,0.1459,1.4,1.0,,,,,,,17347.0,7070.0,17347.0,7070.0,1789.0,728.0,29.0,12.0,3.0,1417.0,115.0,23.0,1421.0,,32.216,32.260999999999996,2.812,1583.685,0.064,0.013000000000000001,1589.11,,3.322,3.322,0.29,163.326,0.006999999999999999,0.001,163.885,,32.216,32.260999999999996,2.812,1583.6860000000001,0.064,0.013000000000000001,1589.111,,29.0,12.0,3.0,1417.0,115.0,23.0,,17347.0,7070.0,17347.0,7070.0,EIA,EIA,EIA,EIA,EIA,EIA,--,EIA,EIA,,,,,,,,,,,,,,,"9,696.478",0,"1,789",0,0.0,0,0.0,0.0,0.0,0.0,0.0,0,"1,789",0,0.0,"1,789",0,0.0%,100.0%,0.0%,0.0%,0.0%,0.0%,0.0%,0.0%,0.0%,0.0%,0.0%,100.0%,0.0%,0.0%,100.0%,0.0%
84,2019,AK,Newhalen,7183,"I-N-N Electric Coop, Inc",9188,"I-N-N Electric Coop, Inc",9188,Electric Utility,Alaska Miscellaneous,,ASCC,AKMS,ASCC Miscellaneous,,2,164.0,Lake and Peninsula,59.89905400000001,-154.698735,9,9,WAT,HYDRO,,0.1209,3.2,,,,,,,,802.0,325.0,30475.0,13304.0,3388.0,1480.0,1.0,1.0,0.0,65.0,5.0,1.0,66.0,,0.7859999999999999,0.73,0.069,38.662,0.002,0.0,38.794000000000004,,3.322,3.323,0.29,163.32399999999998,0.006999999999999999,0.001,163.88400000000001,,47.571000000000005,44.148999999999994,4.157,2339.036,0.095,0.019,2347.049,,1.0,1.0,0.0,65.0,5.0,1.0,,802.0,325.0,30475.0,13304.0,EIA,EIA,EIA,EIA,EIA,EIA,--,EIA,EIA,,,,,,,,,,,,,,,"14,321.411",0,56,0,0.0,"3,332",0.0,0.0,0.0,0.0,0.0,0,56,"3,332",0.0,56,"3,332",0.0%,1.7%,0.0%,0.0%,98.3%,0.0%,0.0%,0.0%,0.0%,0.0%,0.0%,1.7%,98.3%,0.0%,1.7%,98.3%
85,2019,AK,Nikiski Combined Cycle,55966,Alaska Electric & Energy Coop,49803,Homer Electric Assn Inc,19558,Electric Utility,Alaska Miscellaneous,,ASCC,AKGD,ASCC Alaska Grid,,2,122.0,Kenai Peninsula,60.676539,-151.377713,2,2,NG,GAS,,0.3384,80.8,0.7693,,,,,,,2388479.0,808067.0,2388479.0,808067.0,239545.0,86672.0,379.0,128.0,4.0,139594.0,5266.0,527.0,139738.0,,3.1630000000000003,2.949,0.032,1165.489,0.022000000000000002,0.002,1166.694,,0.317,0.316,0.003,116.889,0.002,0.0,117.01,,3.1630000000000003,2.949,0.032,1165.489,0.022000000000000002,0.002,1166.694,,379.0,128.0,4.0,139594.0,5266.0,527.0,,2388479.0,808067.0,2388479.0,808067.0,EIA,EIA,EPA/CAMD; EIA,EIA,EIA,EIA,--,EIA,EIA,,,,,,,,,,,,,,,"9,970.899",0,0,"239,545",0.0,0,0.0,0.0,0.0,0.0,0.0,0,"239,545",0,0.0,"239,545",0,0.0%,0.0%,100.0%,0.0%,0.0%,0.0%,0.0%,0.0%,0.0%,0.0%,0.0%,100.0%,0.0%,0.0%,100.0%,0.0%
86,2019,AK,Noatak,57051,"Alaska Village Elec Coop, Inc",221,"Alaska Village Elec Coop, Inc",221,Electric Utility,Alaska Miscellaneous,,ASCC,AKMS,ASCC Miscellaneous,,2,188.0,Northwest Arctic,67.570931,-162.965728,4,4,DFO,OIL,,0.1217,1.7,1.0,,Yes,0.0,,1.0,,17250.0,7017.0,17250.0,7017.0,1813.0,738.0,0.0,0.0,0.0,1409.0,114.0,23.0,1414.0,,0.0,0.0,0.0,1553.981,0.063,0.013000000000000001,1559.305,,0.0,0.0,0.0,163.326,0.006999999999999999,0.001,163.885,,0.0,0.0,0.0,1553.9820000000002,0.063,0.013000000000000001,1559.306,,0.0,0.0,0.0,1409.0,114.0,23.0,,17250.0,7017.0,17250.0,7017.0,EIA,EIA,EIA,EIA,EIA,EIA,--,EIA,EIA,,,,,,,0.0,0.0,0.0,0.0,0.0,0.0,0.0,0.0,"9,514.616",0,"1,813",0,0.0,0,0.0,0.0,0.0,0.0,0.0,0,"1,813",0,0.0,"1,813",0,0.0%,100.0%,0.0%,0.0%,0.0%,0.0%,0.0%,0.0%,0.0%,0.0%,0.0%,100.0%,0.0%,0.0%,100.0%,0.0%
87,2019,AK,Noorvik,6330,"Alaska Village Elec Coop, Inc",221,"Alaska Village Elec Coop, Inc",221,Electric Utility,Alaska Miscellaneous,,ASCC,AKMS,ASCC Miscellaneous,,2,188.0,Northwest Arctic,66.834519,-161.038717,5,5,DFO,OIL,,0.1011,2.2,1.0,,,,,,,19268.0,7842.0,19268.0,7842.0,1948.0,793.0,32.0,13.0,3.0,1573.0,127.0,25.0,1579.0,,32.869,32.86,2.8680000000000003,1615.483,0.065,0.013000000000000001,1621.017,,3.323,3.323,0.29,163.326,0.006999999999999999,0.001,163.885,,32.869,32.86,2.8680000000000003,1615.483,0.065,0.013000000000000001,1621.017,,32.0,13.0,3.0,1573.0,127.0,25.0,,19268.0,7842.0,19268.0,7842.0,EIA,EIA,EIA,EIA,EIA,EIA,--,EIA,EIA,,,,,,,,,,,,,,,"9,891.171",0,"1,948",0,0.0,0,0.0,0.0,0.0,0.0,0.0,0,"1,948",0,0.0,"1,948",0,0.0%,100.0%,0.0%,0.0%,0.0%,0.0%,0.0%,0.0%,0.0%,0.0%,0.0%,100.0%,0.0%,0.0%,100.0%,0.0%
88,2019,AK,North Pole,6285,Golden Valley Elec Assn Inc,7353,Golden Valley Elec Assn Inc,7353,Electric Utility,Alaska Miscellaneous,,ASCC,AKGD,ASCC Alaska Grid,,2,90.0,Fairbanks North Star,64.7356,-147.3481,4,4,WO,OIL,,0.272,181.0,0.88,,,,,,,4096031.0,1644116.0,4096031.0,1644116.0,431296.0,171282.0,1699.0,670.0,584.0,344835.0,209302.0,28441.0,351689.0,,7.881,7.824,2.707,1599.065,0.485,0.066,1630.848,,0.83,0.815,0.285,168.375,0.051,0.006999999999999999,171.722,,7.881,7.824,2.707,1599.065,0.485,0.066,1630.848,,1699.0,670.0,584.0,344835.0,209302.0,28441.0,,4096031.0,1644116.0,4096031.0,1644116.0,EIA,EIA,EIA,EIA,EIA,EIA,--,EIA,EIA,,,,,,,,,,,,,,,"9,497.030",0,"431,296",0,0.0,0,0.0,0.0,0.0,0.0,0.0,0,"431,296",0,0.0,"431,296",0,0.0%,100.0%,0.0%,0.0%,0.0%,0.0%,0.0%,0.0%,0.0%,0.0%,0.0%,100.0%,0.0%,0.0%,100.0%,0.0%
89,2019,AK,Northway,7169,Alaska Power and Telephone Co,219,Alaska Power and Telephone Co,219,Electric Utility,Alaska Miscellaneous,,ASCC,AKMS,ASCC Miscellaneous,,2,240.0,Southeast Fairbanks,62.9617,-141.9372,4,4,DFO,OIL,,0.0782,1.5,1.0,,,,,,,11505.0,4684.0,11505.0,4684.0,1027.0,418.0,18.0,7.0,2.0,940.0,76.0,15.0,943.0,,35.846,35.852,3.2489999999999997,1829.6629999999998,0.07400000000000001,0.015,1835.931,,3.2,3.199,0.29,163.326,0.006999999999999999,0.001,163.885,,35.846,35.852,3.2489999999999997,1829.6629999999998,0.07400000000000001,0.015,1835.931,,18.0,7.0,2.0,940.0,76.0,15.0,,11505.0,4684.0,11505.0,4684.0,EIA,EIA,EIA,EIA,EIA,EIA,--,EIA,EIA,,,,,,,,,,,,,,,"11,202.531",0,"1,027",0,0.0,0,0.0,0.0,0.0,0.0,0.0,0,"1,027",0,0.0,"1,027",0,0.0%,100.0%,0.0%,0.0%,0.0%,0.0%,0.0%,0.0%,0.0%,0.0%,0.0%,100.0%,0.0%,0.0%,100.0%,0.0%
90,2019,AK,NSB Anaktuvuk Pass,7487,North Slope Borough Power & Light,26616,North Slope Borough Power & Light,26616,Electric Utility,Alaska Miscellaneous,,ASCC,AKMS,ASCC Miscellaneous,,2,185.0,North Slope,68.13795,-151.741017,7,7,DFO,OIL,,0.1501,2.9,1.0,,Yes,0.0,,1.0,,41325.0,16819.0,41325.0,16819.0,3813.0,1552.0,66.0,27.0,6.0,3375.0,273.0,55.0,3386.0,,34.59,34.588,3.1430000000000002,1770.112,0.07200000000000001,0.013999999999999999,1776.1760000000002,,3.1919999999999997,3.1919999999999997,0.29,163.326,0.006999999999999999,0.001,163.885,,34.59,34.588,3.1430000000000002,1770.112,0.07200000000000001,0.013999999999999999,1776.1760000000002,,66.0,27.0,6.0,3375.0,273.0,55.0,,41325.0,16819.0,41325.0,16819.0,EIA,EIA,EIA,EIA,EIA,EIA,--,EIA,EIA,,,,,,,0.0,0.0,0.0,0.0,0.0,0.0,0.0,0.0,"10,837.923",0,"3,813",0,0.0,0,0.0,0.0,0.0,0.0,0.0,0,"3,813",0,0.0,"3,813",0,0.0%,100.0%,0.0%,0.0%,0.0%,0.0%,0.0%,0.0%,0.0%,0.0%,0.0%,100.0%,0.0%,0.0%,100.0%,0.0%
91,2019,AK,NSB Atqasuk Utility,7482,North Slope Borough Power & Light,26616,North Slope Borough Power & Light,26616,Electric Utility,Alaska Miscellaneous,,ASCC,AKMS,ASCC Miscellaneous,,2,185.0,North Slope,70.4826,-157.4252,6,6,DFO,OIL,,0.0934,3.4,1.0,,Yes,0.0,,1.0,,35636.0,14512.0,35636.0,14512.0,2782.0,1133.0,57.0,23.0,5.0,2910.0,236.0,47.0,2920.0,,40.885,40.883,3.715,2092.118,0.085,0.017,2099.285,,3.1919999999999997,3.1919999999999997,0.29,163.326,0.006999999999999999,0.001,163.885,,40.885,40.883,3.715,2092.119,0.085,0.017,2099.286,,57.0,23.0,5.0,2910.0,236.0,47.0,,35636.0,14512.0,35636.0,14512.0,EIA,EIA,EIA,EIA,EIA,EIA,--,EIA,EIA,,,,,,,0.0,0.0,0.0,0.0,0.0,0.0,0.0,0.0,"12,809.490",0,"2,782",0,0.0,0,0.0,0.0,0.0,0.0,0.0,0,"2,782",0,0.0,"2,782",0,0.0%,100.0%,0.0%,0.0%,0.0%,0.0%,0.0%,0.0%,0.0%,0.0%,0.0%,100.0%,0.0%,0.0%,100.0%,0.0%
92,2019,AK,NSB Kaktovik Utility,7483,North Slope Borough Power & Light,26616,North Slope Borough Power & Light,26616,Electric Utility,Alaska Miscellaneous,,ASCC,AKMS,ASCC Miscellaneous,,2,185.0,North Slope,70.125617,-143.619033,4,4,DFO,OIL,,0.198,2.6,1.0,,Yes,0.0,,1.0,,46532.0,18944.0,46532.0,18944.0,4510.0,1836.0,74.0,30.0,7.0,3800.0,308.0,62.0,3813.0,,32.931,32.931999999999995,2.992,1685.1170000000002,0.068,0.013999999999999999,1690.89,,3.1919999999999997,3.1919999999999997,0.29,163.326,0.006999999999999999,0.001,163.885,,32.931,32.931999999999995,2.992,1685.1170000000002,0.068,0.013999999999999999,1690.89,,74.0,30.0,7.0,3800.0,308.0,62.0,,46532.0,18944.0,46532.0,18944.0,EIA,EIA,EIA,EIA,EIA,EIA,--,EIA,EIA,,,,,,,0.0,0.0,0.0,0.0,0.0,0.0,0.0,0.0,"10,317.516",0,"4,510",0,0.0,0,0.0,0.0,0.0,0.0,0.0,0,"4,510",0,0.0,"4,510",0,0.0%,100.0%,0.0%,0.0%,0.0%,0.0%,0.0%,0.0%,0.0%,0.0%,0.0%,100.0%,0.0%,0.0%,100.0%,0.0%
93,2019,AK,NSB Nuiqsut Utility,7484,North Slope Borough Power & Light,26616,North Slope Borough Power & Light,26616,Electric Utility,Alaska Miscellaneous,,ASCC,AKMS,ASCC Miscellaneous,,2,185.0,North Slope,70.22056500000001,-150.993492,7,7,DFO,OIL,,0.1642,4.8,1.0,,Yes,0.0,,1.0,,85519.0,32968.0,85519.0,32968.0,6902.0,2661.0,123.0,47.0,3.0,5991.0,280.0,42.0,6001.0,,35.57,35.639,0.902,1735.996,0.040999999999999995,0.006,1738.8120000000001,,2.8710000000000004,2.877,0.073,140.107,0.003,0.0,140.335,,35.57,35.639,0.902,1735.996,0.040999999999999995,0.006,1738.8120000000001,,123.0,47.0,3.0,5991.0,280.0,42.0,,85519.0,32968.0,85519.0,32968.0,EIA,EIA,EIA,EIA,EIA,EIA,--,EIA,EIA,,,,,,,0.0,0.0,0.0,0.0,0.0,0.0,0.0,0.0,"12,390.467",0,"1,675","5,227",0.0,0,0.0,0.0,0.0,0.0,0.0,0,"6,902",0,0.0,"6,902",0,0.0%,24.3%,75.7%,0.0%,0.0%,0.0%,0.0%,0.0%,0.0%,0.0%,0.0%,100.0%,0.0%,0.0%,100.0%,0.0%
94,2019,AK,NSB Point Hope Utility,7485,North Slope Borough Power & Light,26616,North Slope Borough Power & Light,26616,Electric Utility,Alaska Miscellaneous,,ASCC,AKMS,ASCC Miscellaneous,,2,185.0,North Slope,68.348424,-166.737211,9,9,DFO,OIL,,0.1556,4.6,1.0,,Yes,0.0,,1.0,,75790.0,30852.0,75790.0,30852.0,6269.0,2552.0,121.0,49.0,11.0,6189.0,501.0,100.0,6210.0,,38.586999999999996,38.586999999999996,3.5060000000000002,1974.5510000000002,0.08,0.016,1981.315,,3.1919999999999997,3.1919999999999997,0.29,163.326,0.006999999999999999,0.001,163.885,,38.586999999999996,38.586999999999996,3.5060000000000002,1974.5510000000002,0.08,0.016,1981.315,,121.0,49.0,11.0,6189.0,501.0,100.0,,75790.0,30852.0,75790.0,30852.0,EIA,EIA,EIA,EIA,EIA,EIA,--,EIA,EIA,,,,,,,0.0,0.0,0.0,0.0,0.0,0.0,0.0,0.0,"12,089.647",0,"6,269",0,0.0,0,0.0,0.0,0.0,0.0,0.0,0,"6,269",0,0.0,"6,269",0,0.0%,100.0%,0.0%,0.0%,0.0%,0.0%,0.0%,0.0%,0.0%,0.0%,0.0%,100.0%,0.0%,0.0%,100.0%,0.0%
95,2019,AK,NSB Point Lay Utility,7486,North Slope Borough Power & Light,26616,North Slope Borough Power & Light,26616,Electric Utility,Alaska Miscellaneous,,ASCC,AKMS,ASCC Miscellaneous,,2,185.0,North Slope,69.740833,-163.005833,12,12,DFO,OIL,,0.091,4.6,1.0,,Yes,0.0,,1.0,,38596.0,15721.0,38596.0,15721.0,3667.0,1493.0,62.0,25.0,6.0,3152.0,255.0,51.0,3163.0,,33.595,33.608000000000004,3.052,1719.04,0.07,0.013999999999999999,1724.9289999999999,,3.1919999999999997,3.1919999999999997,0.29,163.326,0.006999999999999999,0.001,163.885,,33.595,33.608000000000004,3.052,1719.04,0.07,0.013999999999999999,1724.9289999999999,,62.0,25.0,6.0,3152.0,255.0,51.0,,38596.0,15721.0,38596.0,15721.0,EIA,EIA,EIA,EIA,EIA,EIA,--,EIA,EIA,,,,,,,0.0,0.0,0.0,0.0,0.0,0.0,0.0,0.0,"10,525.225",0,"3,667",0,0.0,0,0.0,0.0,0.0,0.0,0.0,0,"3,667",0,0.0,"3,667",0,0.0%,100.0%,0.0%,0.0%,0.0%,0.0%,0.0%,0.0%,0.0%,0.0%,0.0%,100.0%,0.0%,0.0%,100.0%,0.0%
96,2019,AK,NSB Wainwright Utility,7488,North Slope Borough Power & Light,26616,North Slope Borough Power & Light,26616,Electric Utility,Alaska Miscellaneous,,ASCC,AKMS,ASCC Miscellaneous,,2,185.0,North Slope,70.642877,-160.020461,6,6,DFO,OIL,,0.2408,3.3,0.9319,,Yes,0.0,,1.0,,78296.0,31874.0,78296.0,31874.0,6962.0,2834.0,125.0,51.0,11.0,6394.0,518.0,104.0,6416.0,,35.895,35.897,3.261,1836.793,0.07400000000000001,0.015,1843.086,,3.1919999999999997,3.1919999999999997,0.29,163.326,0.006999999999999999,0.001,163.885,,35.895,35.897,3.261,1836.793,0.07400000000000001,0.015,1843.086,,125.0,51.0,11.0,6394.0,518.0,104.0,,78296.0,31874.0,78296.0,31874.0,EIA,EIA,EIA,EIA,EIA,EIA,--,EIA,EIA,,,,,,,0.0,0.0,0.0,0.0,0.0,0.0,0.0,0.0,"11,246.194",0,"6,962",0,0.0,0,0.0,0.0,0.0,0.0,0.0,0,"6,962",0,0.0,"6,962",0,0.0%,100.0%,0.0%,0.0%,0.0%,0.0%,0.0%,0.0%,0.0%,0.0%,0.0%,100.0%,0.0%,0.0%,100.0%,0.0%
97,2019,AK,Nunapitchuk,6333,"Alaska Village Elec Coop, Inc",221,"Alaska Village Elec Coop, Inc",221,Electric Utility,Alaska Miscellaneous,,ASCC,AKMS,ASCC Miscellaneous,,2,50.0,Bethel,60.895880000000005,-162.459756,5,5,DFO,OIL,,,2.2,,,,,,,,,,,,,,,,,,,,,,,,,,,,,,,,,,,,,,,,,,,,,,,,,,,,,,,,,,,,,,,--,,,,,,,,,,,,,,,,,,,,,,,,,,,,,,,,,,,,,,,,,,,,,,,,,
98,2019,AK,Nymans Plant Microgrid,7723,Kodiak Electric Assn Inc,10433,Kodiak Electric Assn Inc,10433,Electric Utility,Alaska Miscellaneous,,ASCC,AKMS,ASCC Miscellaneous,,2,150.0,Kodiak Island,57.731607999999994,-152.507044,2,2,DFO,OIL,,0.0,10.0,,,,,,,,,,,,0.0,0.0,,,,,,,,,,,,,,,,,,,,,,,,,,,,,,,,,,,,,,,,,,,,,,,,,,--,,,,,,,,,,,,,,,,,,0,0,0,0.0,0,0.0,0.0,0.0,0.0,0.0,0,0,0,0.0,0,0,,,,,,,,,,,,,,,,
99,2019,AK,Orca,789,"Cordova Electric Coop, Inc",40215,"Cordova Electric Coop, Inc",40215,Electric Utility,Alaska Miscellaneous,,ASCC,AKMS,ASCC Miscellaneous,,2,261.0,Valdez Cordova,60.555889,-145.752983,7,7,DFO,OIL,,0.0511,13.7,1.0,,,,,,,66607.0,27120.0,66607.0,27120.0,6137.0,2498.0,107.0,44.0,10.0,5439.0,441.0,88.0,5458.0,,34.88,34.891,3.147,1772.631,0.07200000000000001,0.013999999999999999,1778.704,,3.214,3.214,0.29,163.326,0.006999999999999999,0.001,163.885,,34.88,34.891,3.147,1772.631,0.07200000000000001,0.013999999999999999,1778.704,,107.0,44.0,10.0,5439.0,441.0,88.0,,66607.0,27120.0,66607.0,27120.0,EIA,EIA,EIA,EIA,EIA,EIA,--,EIA,EIA,,,,,,,,,,,,,,,"10,853.349",0,"6,137",0,0.0,0,0.0,0.0,0.0,0.0,0.0,0,"6,137",0,0.0,"6,137",0,0.0%,100.0%,0.0%,0.0%,0.0%,0.0%,0.0%,0.0%,0.0%,0.0%,0.0%,100.0%,0.0%,0.0%,100.0%,0.0%
100,2019,AK,Pelican,6702,Pelican Utility,29297,Pelican Utility,29297,Electric Utility,Alaska Miscellaneous,,ASCC,AKMS,ASCC Miscellaneous,,2,105.0,Hoonah-Angoon,57.957197,-136.220095,10,10,WAT,HYDRO,,0.0335,3.6,,,,,,,,5841.0,2381.0,12225.0,5173.0,1055.0,452.0,9.0,4.0,1.0,477.0,39.0,8.0,479.0,,16.645,15.841,1.6059999999999999,904.252,0.037000000000000005,0.006999999999999999,907.35,,3.0060000000000002,3.0069999999999997,0.29,163.326,0.006999999999999999,0.001,163.885,,51.953,49.443999999999996,5.012,2822.4440000000004,0.114,0.023,2832.113,,9.0,4.0,1.0,477.0,39.0,8.0,,5841.0,2381.0,12225.0,5173.0,EIA,EIA,EIA,EIA,EIA,EIA,--,EIA,EIA,,,,,,,,,,,,,,,"17,281.064",0,338,0,0.0,717,0.0,0.0,0.0,0.0,0.0,0,338,717,0.0,338,717,0.0%,32.0%,0.0%,0.0%,68.0%,0.0%,0.0%,0.0%,0.0%,0.0%,0.0%,32.0%,68.0%,0.0%,32.0%,68.0%
